mark,name_model,type_of_car,type_of_drive,type_fuel,engine,power,mileage,is_broken,price
acura,mdx,внедорожник,полный,бензин,3.5 AT (265 л.с.),265,300088,True,300000
acura,mdx,внедорожник,полный,бензин,3.5 AT (240 л.с.),240,262000,False,230000
alfa_romeo,146,хетчбэк,передний,бензин,1.6 MT (120 л.с.),120,139690,False,140000
alfa_romeo,156,седан,передний,бензин,2.5 MT (190 л.с.),190,240000,False,150000
audi,100,седан,передний,бензин,1.8 MT (75 л.с.),75,176680,False,120000
audi,100,седан,передний,бензин,1.8 MT (90 л.с.),90,300000,False,180000
audi,100,седан,передний,бензин,1.8 MT (90 л.с.),90,300000,False,55000
audi,100,седан,полный,бензин,2.8 AT (174 л.с.),174,300000,False,220000
audi,100,седан,передний,бензин,2.3 MT (133 л.с.),133,316000,False,135000
audi,100,седан,передний,бензин,2.3 MT (133 л.с.),133,417705,False,123000
audi,100,седан,передний,бензин,2.8 AT (174 л.с.),174,300000,True,240000
audi,80,седан,передний,бензин,1.8 MT (90 л.с.),90,250000,False,170000
audi,80,седан,передний,бензин,1.8 MT (90 л.с.),90,228000,False,290000
audi,80,седан,передний,бензин,1.9 MT (113 л.с.),113,258000,False,230000
audi,80,седан,передний,бензин,1.8 MT (90 л.с.),90,286000,False,65000
audi,80,седан,передний,бензин,1.8 MT (75 л.с.),75,440000,False,46000
audi,80,седан,передний,бензин,1.8 MT (88 л.с.),88,300000,False,85000
audi,80,седан,передний,бензин,1.8 MT (75 л.с.),75,200000,False,100000
audi,80,седан,передний,бензин,1.6 MT (75 л.с.),75,250000,False,50000
audi,80,седан,передний,бензин,2.0 MT (137 л.с.),137,519000,False,170000
audi,80,седан,передний,бензин,1.8 MT (90 л.с.),90,100000,False,105000
audi,80,седан,передний,бензин,1.8 MT (90 л.с.),90,365852,False,130000
audi,80,седан,передний,бензин,1.8 MT (90 л.с.),90,100000,False,85000
audi,80,седан,передний,бензин,1.8 MT (90 л.с.),90,190282,True,15000
audi,80,седан,передний,бензин,1.6 MT (110 л.с.),110,250000,False,100000
audi,80,седан,передний,бензин,1.8 MT (90 л.с.),90,241609,False,80000
audi,a3,хетчбэк,передний,бензин,2.0 AT (150 л.с.),150,157000,False,600000
audi,a3,хетчбэк,передний,бензин,2.0 AT (150 л.с.),150,325000,False,540000
audi,a4,седан,полный,бензин,2.0 MT (200 л.с.),200,246000,False,795000
audi,a4,седан,передний,бензин,1.6 MT (101 л.с.),101,322569,False,250000
audi,a4,седан,полный,бензин,2.0 AT (200 л.с.),200,174000,False,450000
audi,a4,седан,передний,бензин,1.8 MT (125 л.с.),125,200000,False,250000
audi,a4,седан,передний,бензин,2.0 CVT (150 л.с.),150,280000,False,430000
audi,a4,седан,передний,бензин,1.6 MT (101 л.с.),101,483000,False,249999
audi,a4,седан,передний,бензин,1.4 AMT (150 л.с.),150,105000,False,2300000
audi,a4,седан,передний,бензин,1.6 MT (101 л.с.),101,200000,False,299000
audi,a4,седан,полный,бензин,2.0 AMT (249 л.с.),249,30000,False,3950000
audi,a4,седан,передний,дизель,2.0 CVT (140 л.с.),140,197701,False,659000
audi,a4,седан,передний,дизель,1.9 MT (110 л.с.),110,350000,False,100000
audi,a4,седан,передний,бензин,1.8 AT (125 л.с.),125,369000,False,325000
audi,a4,седан,передний,дизель,2.0 AMT (122 л.с.),122,136000,False,2349000
audi,a5,купе,передний,бензин,2.0 CVT (211 л.с.),211,138600,True,370000
audi,a5,лифтбек,полный,бензин,2.0 AMT (249 л.с.),249,20000,False,4700000
audi,a5,купе,полный,бензин,2.0 AMT (230 л.с.),230,147890,False,2299000
audi,a5,купе,передний,бензин,2.0 CVT (211 л.с.),211,138600,True,370000
audi,a5,лифтбек,полный,бензин,2.0 AMT (249 л.с.),249,20000,False,4700000
audi,a5,купе,полный,бензин,2.0 AMT (230 л.с.),230,147890,False,2299000
audi,a6,седан,передний,бензин,2.4 MT (165 л.с.),165,300000,False,319000
audi,a6,универсал,передний,дизель,2.0 CVT (140 л.с.),140,346000,False,850000
audi,a6,седан,полный,бензин,3.0 AT (218 л.с.),218,255000,False,480000
audi,a6,седан,полный,бензин,2.7 AT (250 л.с.),250,190000,False,400000
audi,a6,седан,полный,бензин,2.0 AMT (245 л.с.),245,123000,False,3950000
audi,a6,седан,передний,бензин,1.8 MT (125 л.с.),125,305000,False,367000
audi,a6,седан,передний,бензин,2.4 AT (136 л.с.),136,448000,False,450000
audi,a6,седан,передний,бензин,2.4 CVT (177 л.с.),177,113080,False,1200000
audi,a6,седан,передний,бензин,2.4 MT (165 л.с.),165,584300,False,270000
audi,a6,седан,передний,дизель,2.0 CVT (140 л.с.),140,250000,False,600000
audi,a6,универсал,передний,дизель,2.0 CVT (140 л.с.),140,229511,False,650000
audi,a6,седан,передний,бензин,2.0 AMT (252 л.с.),252,65000,False,3131313
audi,a6,седан,передний,бензин,2.6 MT (150 л.с.),150,220000,True,23456
audi,a6_allroad_quattro,универсал,полный,бензин,3.0 AMT (310 л.с.),310,152000,False,2000000
audi,a6_allroad_quattro,универсал,полный,бензин,2.7 AT (250 л.с.),250,303000,False,550000
audi,a8,седан,полный,бензин,4.2 AT (335 л.с.),335,380000,False,700000
audi,a8,седан,полный,дизель,3.3 AT (225 л.с.),225,325000,False,650000
audi,a8,седан,полный,бензин,4.2 AT (335 л.с.),335,99999,True,290000
audi,a8,седан,полный,бензин,4.2 AT (335 л.с.),335,380000,False,700000
audi,a8,седан,полный,дизель,3.3 AT (225 л.с.),225,325000,False,650000
audi,a8,седан,полный,бензин,4.2 AT (335 л.с.),335,99999,True,290000
audi,q3,внедорожник,полный,бензин,2.0 AMT (211 л.с.),211,139075,False,1279000
audi,q5,внедорожник,полный,бензин,2.0 AT (211 л.с.),211,137000,False,1700000
audi,q5,внедорожник,полный,бензин,2.0 AT (211 л.с.),211,193245,False,1599000
audi,q5,внедорожник,полный,бензин,3.2 AT (270 л.с.),270,191485,False,1300000
audi,q5,внедорожник,полный,бензин,2.0 AMT (249 л.с.),249,43087,False,5600000
audi,q5,внедорожник,полный,дизель,2.0 AMT (177 л.с.),177,112492,False,2449000
audi,q5,внедорожник,полный,бензин,2.0 AMT (211 л.с.),211,210000,False,1250000
audi,q5,внедорожник,полный,бензин,3.0 AT (272 л.с.),272,152000,False,2300000
audi,q5,внедорожник,полный,бензин,2.0 AT (225 л.с.),225,141000,False,2150000
audi,q5,внедорожник,полный,бензин,2.0 AMT (249 л.с.),249,0,False,6872510
audi,q5,внедорожник,полный,бензин,2.0 AMT (249 л.с.),249,0,False,6925465
audi,q5,внедорожник,полный,бензин,2.0 AMT (249 л.с.),249,0,False,6429320
audi,q5_sportback,внедорожник,полный,бензин,2.0 AMT (249 л.с.),249,0,False,7934755
audi,q7,внедорожник,полный,дизель,3.0 AT (233 л.с.),233,488888,False,1080000
audi,q7,внедорожник,полный,дизель,3.0 AT (239 л.с.),239,221000,False,1845000
audi,q7,внедорожник,полный,дизель,3.0 AT (231 л.с.),231,55000,False,5950000
audi,q7,внедорожник,полный,дизель,3.0 AT (249 л.с.),249,87000,False,5690000
audi,q7,внедорожник,полный,дизель,3.0 AT (249 л.с.),249,113000,False,4400000
audi,q8,внедорожник,полный,дизель,3.0 AT (249 л.с.),249,4704,False,10350000
audi,q8,внедорожник,полный,дизель,3.0 AT (249 л.с.),249,58000,False,8600000
baic,u5_plus,седан,передний,бензин,1.5 CVT (113 л.с.),113,0,False,1601900
baic,u5_plus,седан,передний,бензин,1.5 CVT (113 л.с.),113,0,False,1601900
baic,u5_plus,седан,передний,бензин,1.5 CVT (113 л.с.),113,0,False,1601900
baic,u5_plus,седан,передний,бензин,1.5 CVT (113 л.с.),113,0,False,1601900
baic,u5_plus,седан,передний,бензин,1.5 CVT (113 л.с.),113,0,False,1601900
baic,u5_plus,седан,передний,бензин,1.5 CVT (113 л.с.),113,0,False,1601900
baic,u5_plus,седан,передний,бензин,1.5 CVT (113 л.с.),113,0,False,1601900
baic,u5_plus,седан,передний,бензин,1.5 CVT (113 л.с.),113,0,False,1601900
baic,u5_plus,седан,передний,бензин,1.5 CVT (113 л.с.),113,0,False,1601900
baic,u5_plus,седан,передний,бензин,1.5 CVT (113 л.с.),113,0,False,1601900
baic,u5_plus,седан,передний,бензин,1.5 CVT (113 л.с.),113,0,False,1601900
baic,x35,внедорожник,передний,бензин,1.5 MT (116 л.с.),116,0,False,1539000
baic,x35,внедорожник,передний,бензин,1.5 MT (116 л.с.),116,0,False,1539000
bentley,continental_gt,купе,полный,бензин,AT (560 л.с.),560,79578,False,2625000
bmw,1_seriya,хетчбэк,задний,бензин,1.6 AT (136 л.с.),136,141090,False,1200000
bmw,1_seriya,хетчбэк,задний,бензин,1.6 AT (115 л.с.),115,160000,False,720000
bmw,1_seriya,хетчбэк,задний,бензин,1.6 AT (136 л.с.),136,224441,False,1059000
bmw,1_seriya,хетчбэк,задний,бензин,1.6 AT (115 л.с.),115,183000,False,580000
bmw,1_seriya,хетчбэк,задний,бензин,1.6 AT (115 л.с.),115,310000,False,730000
bmw,1_seriya,хетчбэк,задний,бензин,1.5 AT (136 л.с.),136,69000,False,1615000
bmw,2_seriya_active_tourer,минивэн,передний,бензин,1.5 AT (136 л.с.),136,118526,False,1700000
bmw,2_seriya_grand_tourer,минивэн,полный,дизель,2.0 AT (150 л.с.),150,92000,False,2180000
bmw,3_seriya,седан,полный,дизель,2.0 AT (190 л.с.),190,69200,False,3900000
bmw,3_seriya,седан,задний,бензин,2.0 MT (129 л.с.),129,148000,False,850000
bmw,3_seriya,купе,задний,бензин,2.5 MT (218 л.с.),218,220000,False,910000
bmw,3_seriya,седан,полный,бензин,2.0 AT (184 л.с.),184,167000,False,1500000
bmw,3_seriya,седан,полный,бензин,2.0 AT (184 л.с.),184,230000,False,1700000
bmw,3_seriya,седан,задний,дизель,1.7 MT (90 л.с.),90,418000,False,170000
bmw,3_seriya,седан,задний,бензин,2.5 AT (218 л.с.),218,229150,False,620000
bmw,3_seriya,седан,полный,бензин,2.0 AT (184 л.с.),184,65000,False,2380000
bmw,3_seriya,седан,задний,бензин,1.8 AT (116 л.с.),116,237000,False,465000
bmw,3_seriya,седан,задний,бензин,3.0 AT (234 л.с.),234,211111,False,790000
bmw,3_seriya,универсал,полный,дизель,2.0 AT (190 л.с.),190,160000,False,3200000
bmw,3_seriya,седан,задний,бензин,2.5 AT (218 л.с.),218,280000,False,580000
bmw,3_seriya,седан,задний,бензин,2.5 AT (192 л.с.),192,270000,False,480000
bmw,3_seriya,седан,полный,бензин,2.0 AT (184 л.с.),184,65000,False,2670000
bmw,3_seriya,универсал,задний,дизель,2.0 MT (150 л.с.),150,160100,False,1980000
bmw,3_seriya,седан,задний,бензин,2.0 MT (150 л.с.),150,400000,False,350000
bmw,3_seriya,купе,задний,бензин,2.0 AT (156 л.с.),156,261000,False,1350000
bmw,3_seriya,седан,задний,бензин,2.0 AT (136 л.с.),136,212700,False,949000
bmw,4_seriya,купе,полный,дизель,2.0 AT (190 л.с.),190,51495,False,3850000
bmw,5_seriya,седан,задний,бензин,2.2 AT (170 л.с.),170,250000,False,600000
bmw,5_seriya,седан,задний,бензин,3.0 AT (272 л.с.),272,335700,False,999000
bmw,5_seriya,седан,задний,бензин,2.0 MT (150 л.с.),150,350000,False,290000
bmw,5_seriya,седан,полный,бензин,4.4 AT (530 л.с.),530,25692,False,6950000
bmw,5_seriya,седан,полный,дизель,3.0 AT (235 л.с.),235,326012,False,1280000
bmw,5_seriya,седан,задний,бензин,2.2 MT (170 л.с.),170,246054,False,975000
bmw,5_seriya,седан,задний,бензин,2.5 AT (218 л.с.),218,271000,False,780000
bmw,5_seriya,седан,полный,бензин,2.0 AT (249 л.с.),249,86556,False,4499000
bmw,5_seriya,седан,задний,бензин,2.0 MT (150 л.с.),150,300000,False,360000
bmw,5_seriya,седан,задний,бензин,2.5 AT (170 л.с.),170,420000,False,430000
bmw,5_seriya,седан,задний,бензин,2.0 AT (184 л.с.),184,176361,False,1700000
bmw,5_seriya,седан,задний,бензин,1.8 MT (102 л.с.),102,230000,False,300000
bmw,5_seriya,седан,задний,бензин,2.0 MT (150 л.с.),150,350000,False,120000
bmw,5_seriya,седан,задний,бензин,2.5 MT (170 л.с.),170,370000,False,550000
bmw,5_seriya,седан,задний,бензин,2.0 AT (184 л.с.),184,168050,False,2099000
bmw,5_seriya,седан,задний,бензин,3.0 MT (231 л.с.),231,494300,False,700000
bmw,5_seriya,седан,задний,бензин,2.0 MT (150 л.с.),150,295483,False,200000
bmw,5_seriya,седан,задний,бензин,2.5 AT (192 л.с.),192,250000,True,100000
bmw,5_seriya,седан,полный,бензин,3.0 AT (218 л.с.),218,214000,False,1150000
bmw,5_seriya,седан,задний,бензин,2.0 AT (184 л.с.),184,143500,False,1920000
bmw,5_seriya,седан,задний,бензин,2.0 AT (184 л.с.),184,96000,False,2190000
bmw,5_seriya,седан,полный,бензин,2.0 AT (245 л.с.),245,223515,False,1640000
bmw,5_seriya,седан,задний,бензин,2.0 MT (129 л.с.),129,200000,False,85000
bmw,5_seriya,седан,задний,бензин,2.0 AT (184 л.с.),184,200000,False,1590000
bmw,5_seriya,седан,полный,дизель,2.0 AT (218 л.с.),218,178800,False,1999000
bmw,5_seriya,седан,полный,дизель,2.0 AT (190 л.с.),190,184000,False,3099000
bmw,5_seriya,седан,задний,бензин,2.0 AT (184 л.с.),184,181300,False,2100000
bmw,5_seriya,седан,задний,дизель,2.0 AT (184 л.с.),184,180215,False,1900000
bmw,5_seriya,седан,задний,бензин,2.5 MT (170 л.с.),170,500000,True,35000
bmw,6_seriya_gt,лифтбек,полный,дизель,3.0 AT (320 л.с.),320,78400,False,5200000
bmw,7_seriya,седан,задний,бензин,3.0 AT (218 л.с.),218,280000,False,270000
bmw,7_seriya,седан,задний,бензин,4.4 AT (333 л.с.),333,120268,False,2499000
bmw,i3,хетчбэк,задний,электро,AT (170 л.с.),170,72846,False,1729000
bmw,x1,внедорожник,полный,дизель,2.0 AT (150 л.с.),150,137086,False,2315000
bmw,x1,внедорожник,полный,бензин,2.0 AT (184 л.с.),184,96500,False,1795000
bmw,x1,внедорожник,полный,бензин,2.0 AT (184 л.с.),184,139500,False,1750000
bmw,x1,внедорожник,полный,дизель,2.0 AT (184 л.с.),184,171181,False,1599000
bmw,x1,внедорожник,передний,дизель,2.0 AT (150 л.с.),150,83144,False,3394000
bmw,x1,внедорожник,задний,бензин,2.0 AT (150 л.с.),150,225000,False,1200000
bmw,x3,внедорожник,полный,бензин,2.0 AT (184 л.с.),184,74765,False,3999000
bmw,x3,внедорожник,полный,дизель,3.0 AT (249 л.с.),249,104000,False,5125000
bmw,x3,внедорожник,полный,дизель,2.0 AT (190 л.с.),190,25500,False,5350000
bmw,x3,внедорожник,полный,дизель,2.0 AT (184 л.с.),184,96500,False,2080000
bmw,x3,внедорожник,полный,дизель,2.0 AT (190 л.с.),190,154200,False,2340000
bmw,x4,внедорожник,полный,дизель,2.0 AT (231 л.с.),231,87390,False,4700000
bmw,x5,внедорожник,полный,бензин,4.4 AT (320 л.с.),320,250000,False,800000
bmw,x5,внедорожник,полный,бензин,3.0 AT (264 л.с.),264,274545,False,1299000
bmw,x5,внедорожник,полный,бензин,3.0 AT (231 л.с.),231,113000,False,1800000
bmw,x5,внедорожник,полный,бензин,4.8 AT (355 л.с.),355,129829,False,2399000
bmw,x5,внедорожник,полный,бензин,3.0 AT (306 л.с.),306,207000,False,2040000
bmw,x5,внедорожник,полный,бензин,3.0 AT (340 л.с.),340,70000,False,7190000
bmw,x5,внедорожник,полный,дизель,3.0 AT (218 л.с.),218,153351,False,3780000
bmw,x5,внедорожник,полный,дизель,3.0 AT (286 л.с.),286,315000,False,1890000
bmw,x5,внедорожник,полный,дизель,3.0 AT (218 л.с.),218,215000,False,2990000
bmw,x5,внедорожник,полный,бензин,3.0 AT (272 л.с.),272,400000,False,1200000
bmw,x5,внедорожник,полный,дизель,3.0 AT (265 л.с.),265,66391,False,7149000
bmw,x5,внедорожник,полный,бензин,3.0 AT (231 л.с.),231,300000,True,70000
bmw,x6,внедорожник,полный,дизель,3.0 AT (235 л.с.),235,245000,False,1870000
bmw,x6,внедорожник,полный,дизель,3.0 AT (249 л.с.),249,69900,False,5500000
bmw,x6,внедорожник,полный,дизель,3.0 AT (245 л.с.),245,255000,False,2250000
bmw,x6,внедорожник,полный,дизель,3.0 AT (245 л.с.),245,256000,False,2650000
bmw,x6,внедорожник,полный,дизель,3.0 AT (249 л.с.),249,55000,False,5499000
bmw,x6,внедорожник,полный,дизель,3.0 AT (249 л.с.),249,170000,False,4050000
bmw,x6,внедорожник,полный,бензин,4.4 AT (530 л.с.),530,52000,False,9600000
bmw,x6_m,внедорожник,полный,бензин,4.4 AT (555 л.с.),555,168000,False,2599999
bmw,x7,внедорожник,полный,дизель,3.0 AT (249 л.с.),249,48000,False,9500000
byd,song_plus,внедорожник,передний,электро,AT (184 л.с.),184,25,False,3920000
cadillac,ats,седан,задний,бензин,2.5 AT (202 л.с.),202,93706,False,1699000
cadillac,cts,седан,задний,бензин,3.6 AT (258 л.с.),258,186000,False,670000
changan,alsvin,седан,передний,бензин,1.5 AMT (98 л.с.),98,0,False,1769900
changan,alsvin,седан,передний,бензин,1.5 AMT (98 л.с.),98,0,False,1769900
changan,alsvin,седан,передний,бензин,1.5 AMT (98 л.с.),98,0,False,1769900
changan,cs35,внедорожник,передний,бензин,1.6 AT (113 л.с.),113,105000,False,770000
changan,cs35_plus,внедорожник,передний,бензин,1.6 AT (117 л.с.),117,82000,False,1970000
changan,cs35_plus,внедорожник,передний,бензин,1.6 AT (117 л.с.),117,31000,False,1899000
changan,cs35_plus,внедорожник,передний,бензин,1.4 AMT (150 л.с.),150,0,False,2169900
changan,cs55,внедорожник,передний,бензин,1.5 AT (143 л.с.),143,0,False,2309900
changan,cs95,внедорожник,полный,бензин,2.0 AT (220 л.с.),220,0,False,4149900
changan,uni,внедорожник,полный,бензин,2.0 AT (226 л.с.),226,55,False,4150000
changan,uni,внедорожник,полный,бензин,2.0 AT (226 л.с.),226,0,False,3899900
changan,uni,внедорожник,полный,бензин,2.0 AT (226 л.с.),226,6100,False,4196000
changan,uni,внедорожник,полный,бензин,2.0 AT (226 л.с.),226,0,False,3899900
chery,amulet_a15,лифтбек,передний,бензин,1.6 MT (88 л.с.),88,143000,False,90000
chery,amulet_a15,лифтбек,передний,бензин,1.6 MT (88 л.с.),88,190000,False,90000
chery,amulet_a15,лифтбек,передний,бензин,1.6 MT (88 л.с.),88,100000,False,115000
chery,arrizo_7,седан,передний,бензин,1.6 CVT (126 л.с.),126,175170,False,735000
chery,arrizo_8,седан,передний,бензин,1.6 AMT (186 л.с.),186,0,False,3144900
chery,arrizo_8,седан,передний,бензин,1.6 AMT (186 л.с.),186,0,False,3044900
chery,arrizo_8,седан,передний,бензин,1.6 AMT (186 л.с.),186,0,False,3144900
chery,arrizo_8,седан,передний,бензин,1.6 AMT (186 л.с.),186,0,False,3144900
chery,arrizo_8,седан,передний,бензин,1.6 AMT (186 л.с.),186,0,False,3044900
chery,arrizo_8,седан,передний,бензин,1.6 AMT (186 л.с.),186,0,False,3194900
chery,arrizo_8,седан,передний,бензин,1.6 AMT (186 л.с.),186,0,False,3144900
chery,arrizo_8,седан,передний,бензин,1.6 AMT (186 л.с.),186,0,False,3044900
chery,arrizo_8,седан,передний,бензин,1.6 AMT (186 л.с.),186,0,False,3194900
chery,arrizo_8,седан,передний,бензин,1.6 AMT (186 л.с.),186,0,False,3194900
chery,arrizo_8,седан,передний,бензин,1.6 AMT (186 л.с.),186,0,False,3044900
chery,arrizo_8,седан,передний,бензин,1.6 AMT (186 л.с.),186,0,False,3044900
chery,fora_a21,седан,передний,бензин,2.0 MT (130 л.с.),130,105000,False,320000
chery,fora_a21,седан,передний,бензин,2.0 MT (130 л.с.),130,148539,False,154000
chery,fora_a21,седан,передний,бензин,2.0 MT (130 л.с.),130,214000,False,240000
chery,fora_a21,седан,передний,бензин,2.0 MT (130 л.с.),130,48630,False,259000
chery,indis_s18d,хетчбэк,передний,бензин,1.3 MT (83 л.с.),83,132000,False,250000
chery,indis_s18d,хетчбэк,передний,бензин,1.3 MT (83 л.с.),83,130797,False,339000
chery,indis_s18d,хетчбэк,передний,бензин,1.3 MT (83 л.с.),83,138000,False,309000
chery,indis_s18d,хетчбэк,передний,бензин,1.3 MT (83 л.с.),83,98000,False,320000
chery,indis_s18d,хетчбэк,передний,бензин,1.3 MT (83 л.с.),83,184573,False,210000
chery,kimo_a1,хетчбэк,передний,бензин,1.3 MT (83 л.с.),83,192000,False,150000
chery,kimo_a1,хетчбэк,передний,бензин,1.3 MT (83 л.с.),83,79263,False,249000
chery,kimo_a1,хетчбэк,передний,бензин,1.3 MT (83 л.с.),83,228467,False,600000
chery,m11_a3,хетчбэк,передний,бензин,1.6 MT (119 л.с.),119,102000,False,385000
chery,qq6_s21,лифтбек,передний,бензин,1.3 MT (83 л.с.),83,119408,False,170000
chery,tiggo_t11,внедорожник,передний,бензин,2.4 MT (129 л.с.),129,213242,False,339000
chery,tiggo_t11,внедорожник,передний,бензин,1.6 MT (126 л.с.),126,188846,False,600000
chery,tiggo_t11,внедорожник,полный,бензин,2.0 MT (136 л.с.),136,103126,False,350000
chery,tiggo_t11,внедорожник,полный,бензин,2.0 MT (136 л.с.),136,64000,False,719000
chery,tiggo_t11,внедорожник,передний,бензин,1.6 MT (119 л.с.),119,140000,False,350000
chery,tiggo_t11,внедорожник,передний,бензин,1.6 MT (126 л.с.),126,153509,False,526000
chery,tiggo_t11,внедорожник,полный,бензин,2.0 MT (136 л.с.),136,65000,True,250000
chery,tiggo_t11,внедорожник,полный,бензин,2.0 MT (136 л.с.),136,162000,True,240000
chery,tiggo_2,внедорожник,передний,бензин,1.5 MT (106 л.с.),106,103317,False,1175000
chery,tiggo_2,внедорожник,передний,бензин,1.5 MT (106 л.с.),106,56000,False,1137000
chery,tiggo_3,внедорожник,передний,бензин,1.6 CVT (126 л.с.),126,73900,False,1345000
chery,tiggo_4,внедорожник,передний,бензин,2.0 CVT (122 л.с.),122,12000,False,2019000
chery,tiggo_4,внедорожник,передний,бензин,1.5 AMT (147 л.с.),147,86182,False,1748000
chery,tiggo_4,внедорожник,передний,бензин,2.0 CVT (122 л.с.),122,50000,False,1722000
chery,tiggo_4,внедорожник,передний,бензин,2.0 CVT (122 л.с.),122,53000,False,1910000
chery,tiggo_4_pro,внедорожник,передний,бензин,1.5 AMT (147 л.с.),147,0,False,2239900
chery,tiggo_4_pro,внедорожник,передний,бензин,1.5 CVT (113 л.с.),113,0,False,2049900
chery,tiggo_4_pro,внедорожник,передний,бензин,1.5 AMT (147 л.с.),147,0,False,2239900
chery,tiggo_4_pro,внедорожник,передний,бензин,1.5 CVT (113 л.с.),113,0,False,2179900
chery,tiggo_4_pro,внедорожник,передний,бензин,1.5 CVT (147 л.с.),147,0,False,2239900
chery,tiggo_4_pro,внедорожник,передний,бензин,1.5 CVT (113 л.с.),113,0,False,2179900
chery,tiggo_4_pro,внедорожник,передний,бензин,1.5 CVT (113 л.с.),113,0,False,2049900
chery,tiggo_5,внедорожник,передний,бензин,2.0 MT (139 л.с.),139,130865,False,1149000
chery,tiggo_5,внедорожник,передний,бензин,2.0 MT (136 л.с.),136,110000,False,960000
chery,tiggo_7,внедорожник,передний,бензин,2.0 CVT (122 л.с.),122,25000,False,1777000
chery,tiggo_7_pro,внедорожник,передний,бензин,1.5 CVT (147 л.с.),147,5500,False,2250000
chery,tiggo_7_pro_max,внедорожник,передний,бензин,1.5 CVT (147 л.с.),147,0,False,2694900
chery,tiggo_7_pro_max,внедорожник,передний,бензин,1.5 CVT (147 л.с.),147,0,False,2874900
chery,tiggo_7_pro_max,внедорожник,передний,бензин,1.5 CVT (147 л.с.),147,0,False,2694900
chery,tiggo_7_pro_max,внедорожник,передний,бензин,1.5 CVT (147 л.с.),147,0,False,2874900
chery,tiggo_7_pro_max,внедорожник,полный,бензин,1.6 AMT (150 л.с.),150,0,False,3004900
chery,tiggo_7_pro_max,внедорожник,передний,бензин,1.5 CVT (147 л.с.),147,0,False,2694900
chery,tiggo_7_pro_max,внедорожник,полный,бензин,1.6 AMT (150 л.с.),150,0,False,3004900
chery,tiggo_7_pro_max,внедорожник,полный,бензин,1.6 AMT (150 л.с.),150,0,False,3004900
chery,tiggo_7_pro_max,внедорожник,передний,бензин,1.5 CVT (147 л.с.),147,0,False,2844900
chery,tiggo_7_pro_max,внедорожник,передний,бензин,1.5 CVT (147 л.с.),147,0,False,2694900
chery,tiggo_7_pro_max,внедорожник,передний,бензин,1.5 CVT (147 л.с.),147,0,False,2694900
chery,tiggo_7_pro_max,внедорожник,передний,бензин,1.5 CVT (147 л.с.),147,0,False,2694900
chery,tiggo_7_pro_max,внедорожник,передний,бензин,1.5 CVT (147 л.с.),147,0,False,2694900
chery,tiggo_7_pro_max,внедорожник,передний,бензин,1.5 CVT (147 л.с.),147,0,False,2844900
chery,tiggo_7_pro_max,внедорожник,полный,бензин,1.6 AMT (150 л.с.),150,0,False,3234900
chery,tiggo_7_pro_max,внедорожник,полный,бензин,1.6 AMT (150 л.с.),150,0,False,3004900
chery,tiggo_7_pro_max,внедорожник,полный,бензин,1.6 AMT (150 л.с.),150,0,False,3004900
chery,tiggo_7_pro_max,внедорожник,передний,бензин,1.5 CVT (147 л.с.),147,0,False,2694900
chery,tiggo_7_pro_max,внедорожник,полный,бензин,1.6 AMT (150 л.с.),150,0,False,3004900
chery,tiggo_7_pro_max,внедорожник,передний,бензин,1.5 CVT (147 л.с.),147,0,False,2694900
chery,tiggo_7_pro_max,внедорожник,передний,бензин,1.5 CVT (147 л.с.),147,0,False,2564900
chery,tiggo_7_pro_max,внедорожник,передний,бензин,1.5 CVT (147 л.с.),147,0,False,2844900
chery,tiggo_7_pro_max,внедорожник,передний,бензин,1.5 CVT (147 л.с.),147,0,False,2694900
chery,tiggo_7_pro_max,внедорожник,передний,бензин,1.5 CVT (147 л.с.),147,0,False,2844900
chery,tiggo_8,внедорожник,передний,бензин,1.5 AMT (147 л.с.),147,0,False,2709900
chery,tiggo_8_pro,внедорожник,передний,бензин,1.6 AMT (186 л.с.),186,54701,False,2599000
chery,tiggo_8_pro_max,внедорожник,полный,бензин,2.0 AMT (197 л.с.),197,0,False,3790900
chery,tiggo_8_pro_max,внедорожник,полный,бензин,2.0 AMT (197 л.с.),197,0,False,3790900
chery,tiggo_8_pro_max,внедорожник,полный,бензин,2.0 AMT (197 л.с.),197,0,False,3790900
chery,tiggo_8_pro_max,внедорожник,полный,бензин,2.0 AMT (197 л.с.),197,0,False,3790900
chery,tiggo_8_pro_max,внедорожник,полный,бензин,2.0 AMT (197 л.с.),197,0,False,3799900
chevrolet,aveo,седан,передний,бензин,1.4 MT (94 л.с.),94,322000,False,259000
chevrolet,aveo,седан,передний,бензин,1.4 MT (101 л.с.),101,128425,False,445000
chevrolet,aveo,седан,передний,бензин,1.4 MT (101 л.с.),101,142600,False,385000
chevrolet,aveo,седан,передний,бензин,1.2 MT (72 л.с.),72,187000,False,285000
chevrolet,aveo,седан,передний,бензин,1.6 MT (115 л.с.),115,18000,False,1049000
chevrolet,aveo,седан,передний,бензин,1.2 MT (84 л.с.),84,201000,False,300000
chevrolet,aveo,хетчбэк,передний,бензин,1.2 MT (72 л.с.),72,170000,False,350000
chevrolet,aveo,седан,передний,бензин,1.2 MT (84 л.с.),84,185000,False,330000
chevrolet,aveo,седан,передний,бензин,1.4 MT (101 л.с.),101,106491,False,430000
chevrolet,aveo,седан,передний,бензин,1.2 MT (84 л.с.),84,100000,False,360000
chevrolet,aveo,седан,передний,бензин,1.6 MT (115 л.с.),115,8797,False,1049000
chevrolet,aveo,хетчбэк,передний,бензин,1.4 AT (94 л.с.),94,195579,False,469000
chevrolet,aveo,хетчбэк,передний,бензин,1.4 MT (101 л.с.),101,186423,False,499000
chevrolet,aveo,седан,передний,бензин,1.2 MT (84 л.с.),84,230000,False,411000
chevrolet,aveo,седан,передний,бензин,1.6 MT (115 л.с.),115,66000,False,850000
chevrolet,aveo,седан,передний,бензин,1.2 MT (84 л.с.),84,211000,False,365000
chevrolet,aveo,хетчбэк,передний,бензин,1.4 MT (94 л.с.),94,211500,False,369500
chevrolet,aveo,седан,передний,бензин,1.2 MT (84 л.с.),84,154378,False,450000
chevrolet,aveo,седан,передний,бензин,1.6 AT (115 л.с.),115,252945,False,690000
chevrolet,aveo,хетчбэк,передний,бензин,1.2 MT (84 л.с.),84,175000,False,500000
chevrolet,aveo,седан,передний,бензин,1.2 MT (72 л.с.),72,214000,False,400000
chevrolet,aveo,седан,передний,бензин,1.2 MT (84 л.с.),84,211000,False,379000
chevrolet,aveo,седан,передний,бензин,1.4 MT (101 л.с.),101,138000,False,550000
chevrolet,blazer,внедорожник,полный,бензин,4.3 AT (190 л.с.),190,231000,False,300000
chevrolet,blazer,внедорожник,передний,бензин,2.0 AT (227 л.с.),227,500,False,3999999
chevrolet,captiva,внедорожник,полный,бензин,2.4 AT (167 л.с.),167,162050,False,1649000
chevrolet,captiva,внедорожник,полный,дизель,2.2 AT (184 л.с.),184,190000,False,1150000
chevrolet,captiva,внедорожник,полный,дизель,2.2 AT (184 л.с.),184,138246,False,1429000
chevrolet,captiva,внедорожник,полный,бензин,2.4 AT (167 л.с.),167,181089,False,1349000
chevrolet,cobalt,седан,передний,бензин,1.5 MT (105 л.с.),105,175000,False,520000
chevrolet,cruze,седан,передний,бензин,1.6 MT (109 л.с.),109,173900,False,880000
chevrolet,cruze,седан,передний,бензин,1.6 MT (109 л.с.),109,117979,False,750000
chevrolet,cruze,седан,передний,бензин,1.6 MT (109 л.с.),109,45000,False,899000
chevrolet,cruze,седан,передний,бензин,1.6 MT (109 л.с.),109,113058,False,935000
chevrolet,cruze,седан,передний,бензин,1.8 AT (141 л.с.),141,175000,False,710000
chevrolet,cruze,седан,передний,бензин,1.6 MT (109 л.с.),109,121000,False,699000
chevrolet,cruze,хетчбэк,передний,бензин,1.6 MT (109 л.с.),109,113000,False,650000
chevrolet,cruze,седан,передний,бензин,1.8 AT (141 л.с.),141,198000,False,650000
chevrolet,cruze,седан,передний,бензин,1.6 AT (109 л.с.),109,170000,False,600000
chevrolet,cruze,универсал,передний,бензин,1.6 MT (124 л.с.),124,300000,False,650000
chevrolet,cruze,хетчбэк,передний,бензин,1.6 MT (109 л.с.),109,144000,False,950000
chevrolet,cruze,хетчбэк,передний,бензин,1.6 MT (109 л.с.),109,135734,False,735000
chevrolet,cruze,седан,передний,бензин,1.6 MT (109 л.с.),109,168305,False,869000
chevrolet,cruze,седан,передний,бензин,1.6 AT (109 л.с.),109,194000,False,790000
chevrolet,cruze,седан,передний,бензин,1.6 AT (109 л.с.),109,155000,False,950000
chevrolet,cruze,седан,передний,бензин,1.6 MT (109 л.с.),109,152000,False,799000
chevrolet,cruze,седан,передний,бензин,1.6 MT (109 л.с.),109,120664,False,929000
chevrolet,epica,седан,передний,бензин,2.5 AT (156 л.с.),156,230538,False,679000
chevrolet,epica,седан,передний,бензин,2.0 MT (143 л.с.),143,96000,False,430000
chevrolet,hhr,универсал,передний,бензин,2.2 AT (143 л.с.),143,146000,False,750000
chevrolet,impala,купе,задний,бензин,4.1 AT (112 л.с.),112,555555,False,155000
chevrolet,lacetti,хетчбэк,передний,бензин,1.4 MT (94 л.с.),94,305000,False,370000
chevrolet,lacetti,универсал,передний,бензин,1.6 MT (109 л.с.),109,176461,False,685000
chevrolet,lacetti,седан,передний,бензин,1.4 MT (94 л.с.),94,181000,False,599000
chevrolet,lacetti,хетчбэк,передний,бензин,1.4 MT (94 л.с.),94,146000,False,699000
chevrolet,lacetti,седан,передний,бензин,1.6 AT (109 л.с.),109,178600,False,479000
chevrolet,lacetti,хетчбэк,передний,бензин,1.4 MT (94 л.с.),94,166540,False,429000
chevrolet,lacetti,универсал,передний,бензин,1.6 MT (109 л.с.),109,192879,False,649000
chevrolet,lacetti,седан,передний,бензин,1.4 MT (94 л.с.),94,250000,False,479000
chevrolet,lacetti,хетчбэк,передний,бензин,1.4 MT (94 л.с.),94,202000,False,305000
chevrolet,lacetti,универсал,передний,бензин,1.6 MT (109 л.с.),109,194000,False,649000
chevrolet,lacetti,седан,передний,бензин,1.4 MT (94 л.с.),94,211000,False,450000
chevrolet,lacetti,универсал,передний,бензин,1.6 MT (109 л.с.),109,187670,False,580000
chevrolet,lacetti,хетчбэк,передний,бензин,1.6 AT (109 л.с.),109,98000,False,650000
chevrolet,lacetti,седан,передний,бензин,1.6 MT (109 л.с.),109,266700,False,420000
chevrolet,lacetti,универсал,передний,бензин,1.6 MT (109 л.с.),109,277000,False,400000
chevrolet,lacetti,хетчбэк,передний,бензин,1.6 MT (109 л.с.),109,162722,False,599000
chevrolet,lacetti,седан,передний,бензин,1.6 MT (109 л.с.),109,245000,False,370000
chevrolet,lacetti,хетчбэк,передний,бензин,1.6 MT (109 л.с.),109,171000,False,300000
chevrolet,lacetti,седан,передний,бензин,1.6 AT (109 л.с.),109,250000,False,380000
chevrolet,lacetti,хетчбэк,передний,бензин,1.4 MT (94 л.с.),94,169000,False,290000
chevrolet,lacetti,универсал,передний,бензин,1.6 MT (109 л.с.),109,192701,False,600000
chevrolet,lacetti,седан,передний,бензин,1.6 MT (109 л.с.),109,156000,False,600000
chevrolet,lacetti,хетчбэк,передний,бензин,1.4 MT (94 л.с.),94,115000,False,650000
chevrolet,lacetti,хетчбэк,передний,бензин,1.6 AT (109 л.с.),109,245000,False,655000
chevrolet,lacetti,седан,передний,бензин,1.6 MT (109 л.с.),109,115258,False,800000
chevrolet,lacetti,седан,передний,бензин,1.4 MT (94 л.с.),94,333555,False,420000
chevrolet,lanos,седан,передний,бензин,1.5 MT (86 л.с.),86,117000,False,225000
chevrolet,lanos,седан,передний,бензин,1.5 MT (86 л.с.),86,190000,False,205000
chevrolet,lanos,седан,передний,бензин,1.5 MT (86 л.с.),86,64000,False,325000
chevrolet,lanos,седан,передний,бензин,1.5 MT (86 л.с.),86,151000,False,80000
chevrolet,lanos,седан,передний,бензин,1.5 MT (86 л.с.),86,178000,False,69000
chevrolet,lanos,седан,передний,бензин,1.5 MT (86 л.с.),86,216000,True,60000
chevrolet,lanos,седан,передний,бензин,1.5 MT (86 л.с.),86,183156,False,165000
chevrolet,lanos,седан,передний,бензин,1.5 MT (86 л.с.),86,154000,False,165000
chevrolet,lanos,седан,передний,бензин,1.5 MT (86 л.с.),86,168000,False,130000
chevrolet,lanos,седан,передний,бензин,1.5 MT (86 л.с.),86,100000,False,160000
chevrolet,lanos,седан,передний,бензин,1.5 MT (86 л.с.),86,262392,False,115000
chevrolet,lanos,седан,передний,бензин,1.5 MT (86 л.с.),86,101082,False,270000
chevrolet,lanos,седан,передний,бензин,1.5 MT (86 л.с.),86,148000,False,130000
chevrolet,lanos,седан,передний,бензин,1.5 MT (86 л.с.),86,223034,False,60000
chevrolet,lanos,седан,передний,бензин,1.5 MT (86 л.с.),86,148940,False,180000
chevrolet,lanos,седан,передний,бензин,1.5 MT (86 л.с.),86,150000,False,200000
chevrolet,lanos,седан,передний,бензин,1.5 MT (86 л.с.),86,137000,False,140000
chevrolet,lanos,седан,передний,бензин,1.5 MT (86 л.с.),86,150000,False,250000
chevrolet,lanos,седан,передний,бензин,1.5 MT (86 л.с.),86,130000,False,90000
chevrolet,lanos,седан,передний,бензин,1.5 MT (86 л.с.),86,300000,False,130000
chevrolet,lanos,седан,передний,бензин,1.5 MT (86 л.с.),86,180000,True,35000
chevrolet,malibu,седан,передний,бензин,1.5 AT (160 л.с.),160,137000,False,1700000
chevrolet,niva,внедорожник,полный,бензин,1.7 MT (80 л.с.),80,98000,False,725000
chevrolet,niva,внедорожник,полный,бензин,1.7 MT (80 л.с.),80,41500,False,670000
chevrolet,niva,внедорожник,полный,бензин,1.7 MT (80 л.с.),80,238000,False,495000
chevrolet,niva,внедорожник,полный,бензин,1.7 MT (80 л.с.),80,49828,False,959000
chevrolet,niva,внедорожник,полный,бензин,1.7 MT (80 л.с.),80,5680,False,899000
chevrolet,niva,внедорожник,полный,бензин,1.7 MT (80 л.с.),80,110228,False,599000
chevrolet,niva,внедорожник,полный,бензин,1.7 MT (80 л.с.),80,110000,False,290000
chevrolet,niva,внедорожник,полный,бензин,1.7 MT (80 л.с.),80,104753,False,450000
chevrolet,niva,внедорожник,полный,бензин,1.7 MT (80 л.с.),80,239379,False,219000
chevrolet,niva,внедорожник,полный,бензин,1.7 MT (80 л.с.),80,209000,False,175000
chevrolet,niva,внедорожник,полный,бензин,1.7 MT (80 л.с.),80,233021,False,415000
chevrolet,niva,внедорожник,полный,бензин,1.7 MT (80 л.с.),80,160000,False,415000
chevrolet,niva,внедорожник,полный,бензин,1.7 MT (80 л.с.),80,92198,False,339000
chevrolet,niva,внедорожник,полный,бензин,1.7 MT (80 л.с.),80,167202,False,460000
chevrolet,niva,внедорожник,полный,бензин,1.7 MT (80 л.с.),80,92300,False,527000
chevrolet,niva,внедорожник,полный,бензин,1.7 MT (80 л.с.),80,176792,False,369000
chevrolet,niva,внедорожник,полный,бензин,1.7 MT (80 л.с.),80,220000,False,315000
chevrolet,niva,внедорожник,полный,бензин,1.7 MT (80 л.с.),80,110208,False,459000
chevrolet,niva,внедорожник,полный,бензин,1.7 MT (80 л.с.),80,151000,False,695000
chevrolet,niva,внедорожник,полный,бензин,1.7 MT (80 л.с.),80,93000,False,570000
chevrolet,niva,внедорожник,полный,бензин,1.7 MT (80 л.с.),80,135000,False,620000
chevrolet,niva,внедорожник,полный,бензин,1.7 MT (80 л.с.),80,139000,False,500000
chevrolet,niva,внедорожник,полный,бензин,1.7 MT (80 л.с.),80,113000,False,245000
chevrolet,niva,внедорожник,полный,бензин,1.7 MT (80 л.с.),80,120000,False,300000
chevrolet,niva,внедорожник,полный,бензин,1.7 MT (80 л.с.),80,196000,False,300000
chevrolet,niva,внедорожник,полный,бензин,1.7 MT (80 л.с.),80,231566,False,395320
chevrolet,niva,внедорожник,полный,бензин,1.7 MT (80 л.с.),80,87000,False,689000
chevrolet,niva,внедорожник,полный,бензин,1.7 MT (80 л.с.),80,270000,False,470000
chevrolet,niva,внедорожник,полный,бензин,1.7 MT (80 л.с.),80,184077,False,275000
chevrolet,niva,внедорожник,полный,бензин,1.7 MT (80 л.с.),80,54645,False,950000
chevrolet,niva,внедорожник,полный,бензин,1.7 MT (80 л.с.),80,139000,False,649000
chevrolet,niva,внедорожник,полный,бензин,1.7 MT (80 л.с.),80,86689,False,550000
chevrolet,niva,внедорожник,полный,бензин,1.7 MT (80 л.с.),80,126516,False,625000
chevrolet,niva,внедорожник,полный,бензин,1.7 MT (80 л.с.),80,101249,False,500000
chevrolet,niva,внедорожник,полный,бензин,1.7 MT (80 л.с.),80,245000,False,595000
chevrolet,niva,внедорожник,полный,бензин,1.7 MT (80 л.с.),80,79000,False,599000
chevrolet,niva,внедорожник,полный,бензин,1.7 MT (80 л.с.),80,198000,False,250000
chevrolet,niva,внедорожник,полный,бензин,1.7 MT (80 л.с.),80,86822,False,639000
chevrolet,niva,внедорожник,полный,бензин,1.7 MT (80 л.с.),80,200000,False,470000
chevrolet,niva,внедорожник,полный,бензин,1.7 MT (80 л.с.),80,173000,False,180000
chevrolet,niva,внедорожник,полный,бензин,1.7 MT (80 л.с.),80,64906,False,669000
chevrolet,niva,внедорожник,полный,бензин,1.7 MT (80 л.с.),80,122000,False,345000
chevrolet,niva,внедорожник,полный,бензин,1.7 MT (80 л.с.),80,97000,False,340000
chevrolet,niva,внедорожник,полный,бензин,1.7 MT (80 л.с.),80,86100,False,504999
chevrolet,niva,внедорожник,полный,бензин,1.7 MT (80 л.с.),80,56990,False,900000
chevrolet,niva,внедорожник,полный,бензин,1.7 MT (80 л.с.),80,227000,False,179000
chevrolet,niva,внедорожник,полный,бензин,1.7 MT (80 л.с.),80,107000,False,749000
chevrolet,niva,внедорожник,полный,бензин,1.7 MT (80 л.с.),80,68000,False,699000
chevrolet,niva,внедорожник,полный,бензин,1.7 MT (80 л.с.),80,153000,False,529000
chevrolet,niva,внедорожник,полный,бензин,1.7 MT (80 л.с.),80,110000,False,265000
chevrolet,niva,внедорожник,полный,бензин,1.7 MT (80 л.с.),80,150000,False,555000
chevrolet,niva,внедорожник,полный,бензин,1.7 MT (80 л.с.),80,209500,False,480000
chevrolet,niva,внедорожник,полный,бензин,1.7 MT (80 л.с.),80,120481,False,692000
chevrolet,niva,внедорожник,полный,бензин,1.7 MT (80 л.с.),80,58225,False,800000
chevrolet,niva,внедорожник,полный,бензин,1.7 MT (80 л.с.),80,160000,False,380000
chevrolet,niva,внедорожник,полный,бензин,1.7 MT (80 л.с.),80,65000,False,760000
chevrolet,niva,внедорожник,полный,бензин,1.7 MT (80 л.с.),80,126000,False,760000
chevrolet,niva,внедорожник,полный,бензин,1.7 MT (80 л.с.),80,98500,False,590000
chevrolet,niva,внедорожник,полный,бензин,1.7 MT (80 л.с.),80,118000,False,480000
chevrolet,niva,внедорожник,полный,бензин,1.7 MT (80 л.с.),80,90957,False,739000
chevrolet,niva,внедорожник,полный,бензин,1.7 MT (80 л.с.),80,78808,False,699000
chevrolet,niva,внедорожник,полный,бензин,1.7 MT (80 л.с.),80,175980,False,385000
chevrolet,niva,внедорожник,полный,бензин,1.7 MT (80 л.с.),80,165000,False,405000
chevrolet,niva,внедорожник,полный,бензин,1.7 MT (80 л.с.),80,196922,False,425000
chevrolet,niva,внедорожник,полный,бензин,1.7 MT (80 л.с.),80,93876,False,850000
chevrolet,niva,внедорожник,полный,бензин,1.7 MT (80 л.с.),80,125000,False,365000
chevrolet,niva,внедорожник,полный,бензин,1.7 MT (80 л.с.),80,202691,False,400000
chevrolet,niva,внедорожник,полный,бензин,1.7 MT (80 л.с.),80,33300,False,820000
chevrolet,niva,внедорожник,полный,бензин,1.7 MT (80 л.с.),80,216496,False,335000
chevrolet,orlando,минивэн,передний,бензин,1.8 MT (141 л.с.),141,154301,False,1029000
chevrolet,orlando,минивэн,передний,бензин,1.8 AT (141 л.с.),141,192000,False,1200000
chevrolet,orlando,минивэн,передний,бензин,1.8 MT (141 л.с.),141,370000,False,870000
chevrolet,rezzo,минивэн,передний,бензин,1.6 MT (90 л.с.),90,150000,False,310000
chevrolet,rezzo,минивэн,передний,бензин,1.6 MT (90 л.с.),90,332657,False,370000
chevrolet,rezzo,минивэн,передний,бензин,1.6 MT (105 л.с.),105,250000,False,520000
chevrolet,spark,хетчбэк,передний,бензин,0.8 MT (52 л.с.),52,148567,False,299000
chevrolet,spark,хетчбэк,передний,бензин,1.0 AT (67 л.с.),67,129420,False,610000
chevrolet,suburban,внедорожник,полный,бензин,5.7 AT (190 л.с.),190,60000,False,1950000
chevrolet,tahoe,внедорожник,полный,бензин,5.3 AT (325 л.с.),325,291000,False,1500000
chevrolet,trailblazer,внедорожник,полный,дизель,2.8 AT (180 л.с.),180,266000,False,1700000
chevrolet,trax,внедорожник,передний,дизель,1.6 AT (136 л.с.),136,81893,False,1779000
chevrolet,volt,хетчбэк,передний,гибрид,1.4 CVT (84 л.с.),84,234500,False,1185000
chevrolet,volt,хетчбэк,передний,гибрид,1.4 CVT (84 л.с.),84,234500,False,1185000
chrysler,pt_cruiser,универсал,передний,бензин,2.4 AT (152 л.с.),152,201355,False,419000
chrysler,voyager,минивэн,передний,бензин,2.0 MT (133 л.с.),133,372420,False,330000
citroen,berlingo,минивэн,передний,бензин,1.4 MT (75 л.с.),75,271000,True,120000
citroen,berlingo,минивэн,передний,бензин,1.6 MT (120 л.с.),120,174772,False,989000
citroen,c1,хетчбэк,передний,бензин,1.0 AMT (68 л.с.),68,180393,False,579000
citroen,c3,хетчбэк,передний,бензин,1.4 AMT (90 л.с.),90,165000,True,10000
citroen,c3_picasso,минивэн,передний,бензин,1.6 MT (115 л.с.),115,235000,False,520000
citroen,c4,хетчбэк,передний,бензин,1.6 AT (120 л.с.),120,129401,False,395000
citroen,c4,седан,передний,бензин,1.6 MT (116 л.с.),116,94000,False,900000
citroen,c4,хетчбэк,передний,бензин,1.6 AT (120 л.с.),120,190000,False,559900
citroen,c4,хетчбэк,передний,бензин,1.6 MT (120 л.с.),120,177213,False,699000
citroen,c4,седан,передний,бензин,1.6 MT (116 л.с.),116,190000,False,650000
citroen,c4,седан,передний,бензин,1.6 AT (120 л.с.),120,230000,False,690000
citroen,c4,хетчбэк,передний,бензин,1.6 MT (120 л.с.),120,175000,False,679000
citroen,c4,хетчбэк,передний,бензин,1.6 MT (109 л.с.),109,117000,False,550000
citroen,c4,седан,передний,бензин,1.6 MT (116 л.с.),116,138000,False,1000000
citroen,c4,хетчбэк,передний,бензин,1.6 MT (109 л.с.),109,456582,False,279000
citroen,c4,хетчбэк,передний,бензин,1.6 MT (120 л.с.),120,207000,True,140000
citroen,c4,хетчбэк,передний,бензин,1.6 AT (120 л.с.),120,168854,False,449000
citroen,c4_cactus,внедорожник,передний,бензин,1.2 MT (110 л.с.),110,223000,False,1320000
citroen,c4_picasso,минивэн,передний,дизель,1.6 MT (109 л.с.),109,219000,False,699000
citroen,c5,седан,передний,бензин,2.0 AT (143 л.с.),143,265000,False,427000
citroen,c5,седан,передний,бензин,1.6 AT (150 л.с.),150,128000,False,570000
citroen,c8,минивэн,передний,дизель,2.2 MT (128 л.с.),128,386886,False,350000
citroen,c,седан,передний,бензин,1.2 MT (72 л.с.),72,182000,False,325000
citroen,grand_c4_picasso,минивэн,передний,бензин,1.6 MT (120 л.с.),120,140000,False,570000
citroen,grand_c4_picasso,минивэн,передний,дизель,1.6 AT (120 л.с.),120,120000,False,1670000
citroen,nemo,минивэн,передний,дизель,1.4 MT (68 л.с.),68,180000,False,450000
citroen,xsara,универсал,передний,бензин,1.4 MT (75 л.с.),75,180000,True,60000
dacia,sandero,хетчбэк,передний,бензин,1.4 MT (75 л.с.),75,237000,False,535000
dadi,shuttle,внедорожник,полный,бензин,2.4 MT (125 л.с.),125,37000,False,365000
daewoo,espero,седан,передний,бензин,2.0 MT (105 л.с.),105,183400,False,69000
daewoo,lanos,хетчбэк,передний,бензин,1.3 MT (75 л.с.),75,254000,False,87000
daewoo,matiz,хетчбэк,передний,бензин,0.8 MT (52 л.с.),52,142000,False,180000
daewoo,matiz,хетчбэк,передний,бензин,0.8 MT (50 л.с.),50,168000,False,110000
daewoo,matiz,хетчбэк,передний,бензин,0.8 MT (52 л.с.),52,55704,False,279000
daewoo,matiz,хетчбэк,передний,бензин,0.8 MT (50 л.с.),50,84000,False,245000
daewoo,matiz,хетчбэк,передний,бензин,0.8 MT (50 л.с.),50,96924,False,185000
daewoo,matiz,хетчбэк,передний,бензин,1.0 MT (64 л.с.),64,84000,False,250000
daewoo,matiz,хетчбэк,передний,бензин,0.8 MT (50 л.с.),50,93000,False,150000
daewoo,matiz,хетчбэк,передний,бензин,0.8 MT (52 л.с.),52,83000,False,165000
daewoo,matiz,хетчбэк,передний,бензин,0.8 MT (52 л.с.),52,128200,False,179000
daewoo,matiz,хетчбэк,передний,бензин,0.8 MT (52 л.с.),52,78000,False,180000
daewoo,matiz,хетчбэк,передний,бензин,0.8 MT (52 л.с.),52,55000,False,80800
daewoo,matiz,хетчбэк,передний,бензин,0.8 MT (52 л.с.),52,180000,False,130000
daewoo,matiz,хетчбэк,передний,бензин,0.8 MT (52 л.с.),52,85500,False,239000
daewoo,matiz,хетчбэк,передний,бензин,0.8 MT (52 л.с.),52,79000,False,150000
daewoo,matiz,хетчбэк,передний,бензин,0.8 MT (52 л.с.),52,133252,False,190000
daewoo,nexia,седан,передний,бензин,1.5 MT (80 л.с.),80,180000,False,79000
daewoo,nexia,седан,передний,бензин,1.5 MT (85 л.с.),85,107000,False,225000
daewoo,nexia,седан,передний,бензин,1.6 MT (109 л.с.),109,167000,False,103000
daewoo,nexia,седан,передний,бензин,1.5 MT (85 л.с.),85,111200,False,140000
daewoo,nexia,седан,передний,бензин,1.5 MT (75 л.с.),75,116000,False,95000
daewoo,nexia,седан,передний,бензин,1.5 MT (80 л.с.),80,212203,False,150000
daewoo,nexia,седан,передний,бензин,1.5 MT (80 л.с.),80,150000,False,248000
daewoo,nexia,седан,передний,бензин,1.6 MT (109 л.с.),109,170000,False,100000
daewoo,nexia,седан,передний,бензин,1.5 MT (80 л.с.),80,117000,False,1000
daewoo,nexia,седан,передний,бензин,1.5 MT (75 л.с.),75,215000,False,60000
daewoo,nexia,седан,передний,бензин,1.6 MT (109 л.с.),109,113100,False,230000
daewoo,nexia,седан,передний,бензин,1.5 MT (80 л.с.),80,195000,False,128000
daewoo,nexia,седан,передний,бензин,1.5 MT (85 л.с.),85,230000,False,70000
daewoo,nexia,седан,передний,бензин,1.5 MT (85 л.с.),85,200000,False,90200
daewoo,nexia,седан,передний,бензин,1.6 MT (109 л.с.),109,83000,False,300000
daewoo,nexia,седан,передний,бензин,1.5 MT (80 л.с.),80,115000,False,175000
daewoo,nexia,седан,передний,бензин,1.5 MT (75 л.с.),75,250000,False,95000
daewoo,nubira,универсал,передний,бензин,1.6 MT (106 л.с.),106,313557,False,110000
daihatsu,mira_e_s,хетчбэк,передний,бензин,0.7 CVT (49 л.с.),49,94452,False,799000
datsun,on,седан,передний,бензин,1.6 MT (87 л.с.),87,156597,False,530000
datsun,on,седан,передний,бензин,1.6 MT (87 л.с.),87,90000,False,550000
datsun,on,седан,передний,бензин,1.6 MT (87 л.с.),87,50800,False,619000
datsun,on,седан,передний,бензин,1.6 MT (87 л.с.),87,178000,False,480000
datsun,on,седан,передний,бензин,1.6 MT (87 л.с.),87,26000,False,766000
datsun,on,седан,передний,бензин,1.6 MT (106 л.с.),106,103699,False,549000
datsun,on,седан,передний,бензин,1.6 AT (87 л.с.),87,101000,False,850000
datsun,on,седан,передний,бензин,1.6 AT (87 л.с.),87,107000,False,537000
datsun,on,седан,передний,бензин,1.6 MT (87 л.с.),87,16618,False,695000
datsun,on,седан,передний,бензин,1.6 MT (87 л.с.),87,81559,False,525000
datsun,on,седан,передний,бензин,1.6 MT (87 л.с.),87,70000,False,629000
datsun,on,седан,передний,бензин,1.6 MT (87 л.с.),87,150169,False,519000
datsun,on,седан,передний,бензин,1.6 MT (82 л.с.),82,153718,False,344000
datsun,on,седан,передний,бензин,1.6 MT (87 л.с.),87,53852,False,679000
dodge,caliber,хетчбэк,передний,бензин,1.8 MT (150 л.с.),150,303678,False,599000
dodge,dynasty,седан,передний,бензин,3.3 AT (150 л.с.),150,15000,False,210000
dodge,neon,седан,передний,бензин,2.0 AT (133 л.с.),133,220000,False,240000
dodge,neon,седан,передний,бензин,2.0 AT (133 л.с.),133,180000,False,170000
dodge,nitro,внедорожник,полный,бензин,3.7 AT (205 л.с.),205,300000,False,1150000
dodge,ram,пикап,полный,бензин,4.7 AT (314 л.с.),314,150000,False,2800000
dodge,ram,пикап,полный,бензин,5.7 AT (396 л.с.),396,126750,False,2300000
dodge,ram,пикап,полный,дизель,AT (350 л.с.),350,390000,False,4300000
dodge,ram,пикап,полный,дизель,AT (350 л.с.),350,250000,False,5500000
dongfeng,df6,пикап,полный,дизель,2.5 MT (136 л.с.),136,10,False,2590000
dongfeng,h30_cross,хетчбэк,передний,бензин,1.6 MT (117 л.с.),117,137096,False,599000
ds,ds_3_crossback,внедорожник,передний,электро,AT (136 л.с.),136,5600,False,4100000
exeed,lx,внедорожник,передний,бензин,1.5 CVT (147 л.с.),147,9529,False,2748000
exeed,lx,внедорожник,передний,бензин,1.5 CVT (147 л.с.),147,12871,False,2675000
exeed,lx,внедорожник,передний,бензин,1.5 CVT (147 л.с.),147,4776,False,2749000
exeed,txl,внедорожник,полный,бензин,1.6 AMT (186 л.с.),186,6900,False,3499000
exeed,vx,внедорожник,полный,бензин,2.0 AMT (249 л.с.),249,25000,False,4230000
exeed,vx,внедорожник,полный,бензин,2.0 AMT (249 л.с.),249,65418,False,3872000
faw,bestune_b70,лифтбек,передний,бензин,2.0 AT (217 л.с.),217,0,False,2860000
faw,bestune_b70,лифтбек,передний,бензин,2.0 AT (217 л.с.),217,0,False,2757000
faw,bestune_b70,лифтбек,передний,бензин,2.0 AT (217 л.с.),217,0,False,2860000
faw,bestune_t77,внедорожник,передний,бензин,1.5 AMT (160 л.с.),160,0,False,2527000
faw,bestune_t77,внедорожник,передний,бензин,1.5 AMT (160 л.с.),160,0,False,2372000
faw,bestune_t77,внедорожник,передний,бензин,1.5 AMT (160 л.с.),160,0,False,2527000
faw,bestune_t77,внедорожник,передний,бензин,1.5 AMT (160 л.с.),160,0,False,2527000
faw,bestune_t77,внедорожник,передний,бензин,1.5 AMT (160 л.с.),160,0,False,2372000
faw,bestune_t77,внедорожник,передний,бензин,1.5 AMT (160 л.с.),160,0,False,2527000
faw,bestune_t77,внедорожник,передний,бензин,1.5 AMT (160 л.с.),160,0,False,2372000
fiat,albea,седан,передний,бензин,1.4 MT (77 л.с.),77,117000,False,450000
fiat,albea,седан,передний,бензин,1.4 MT (77 л.с.),77,269592,False,259000
fiat,albea,седан,передний,бензин,1.4 MT (77 л.с.),77,139000,False,370000
fiat,albea,седан,передний,бензин,1.4 MT (77 л.с.),77,257092,False,480000
fiat,croma,лифтбек,передний,бензин,2.0 MT (116 л.с.),116,111111,True,85000
fiat,ducato,фургон,передний,дизель,2.3 MT (110 л.с.),110,932000,False,630000
fiat,ducato,фургон,передний,дизель,2.3 MT (120 л.с.),120,218000,False,1500000
fiat,ducato,микроавтобус,передний,дизель,2.3 MT (110 л.с.),110,279774,False,1199000
fiat,ducato,фургон,передний,дизель,2.8 MT (122 л.с.),122,412000,False,300000
fiat,ducato,фургон,передний,дизель,2.3 MT (130 л.с.),130,138300,False,2670000
fiat,linea,седан,передний,бензин,1.4 MT (120 л.с.),120,217552,False,390000
fiat,marea,седан,передний,бензин,1.6 MT (103 л.с.),103,230000,False,150000
fiat,palio,универсал,передний,бензин,1.2 MT (60 л.с.),60,150000,False,115000
fiat,punto,хетчбэк,передний,бензин,1.4 MT (95 л.с.),95,261525,False,449000
fiat,punto,хетчбэк,передний,бензин,1.1 MT (55 л.с.),55,186000,False,120000
fiat,tipo,хетчбэк,передний,бензин,1.6 MT (75 л.с.),75,244061,False,139000
ford,c,минивэн,передний,бензин,1.6 MT (115 л.с.),115,149000,False,300000
ford,c,минивэн,передний,бензин,2.0 AT (145 л.с.),145,110000,False,879000
ford,c,минивэн,передний,бензин,2.0 MT (145 л.с.),145,240000,False,430000
ford,c,минивэн,передний,бензин,1.8 MT (125 л.с.),125,200000,True,200000
ford,ecosport,внедорожник,полный,бензин,2.0 MT (140 л.с.),140,128371,False,1249000
ford,ecosport,внедорожник,полный,бензин,2.0 MT (140 л.с.),140,21800,False,1665000
ford,ecosport,внедорожник,полный,бензин,2.0 MT (140 л.с.),140,69035,False,1444000
ford,ecosport,внедорожник,передний,бензин,1.6 MT (122 л.с.),122,53000,False,1445000
ford,ecosport,внедорожник,передний,бензин,1.6 AMT (122 л.с.),122,125268,False,1299000
ford,escort,хетчбэк,передний,дизель,1.8 MT (90 л.с.),90,257000,False,175000
ford,escort,хетчбэк,передний,дизель,1.6 MT (54 л.с.),54,66000,False,40000
ford,escort,хетчбэк,передний,бензин,1.6 MT (90 л.с.),90,240000,False,50000
ford,explorer,внедорожник,полный,бензин,3.5 AT (249 л.с.),249,188000,False,3199000
ford,explorer,внедорожник,полный,бензин,2.3 AT (300 л.с.),300,70425,False,3700000
ford,explorer,внедорожник,полный,бензин,3.5 AT (249 л.с.),249,152343,False,2250000
ford,explorer,внедорожник,полный,бензин,3.5 AT (249 л.с.),249,74100,False,3503000
ford,f,пикап,полный,бензин,3.5 AT (450 л.с.),450,65300,False,8500000
ford,fiesta,хетчбэк,передний,бензин,1.4 MT (80 л.с.),80,24600,False,650000
ford,fiesta,хетчбэк,передний,бензин,1.6 MT (105 л.с.),105,80000,False,1450000
ford,fiesta,хетчбэк,передний,бензин,1.4 MT (80 л.с.),80,290000,False,240000
ford,fiesta,хетчбэк,передний,дизель,1.4 MT (68 л.с.),68,180792,False,235000
ford,fiesta,хетчбэк,передний,бензин,1.4 AMT (80 л.с.),80,192000,False,333000
ford,fiesta,седан,передний,бензин,1.6 MT (105 л.с.),105,45352,False,949000
ford,fiesta,хетчбэк,передний,бензин,1.6 AMT (120 л.с.),120,167000,False,740000
ford,fiesta,седан,передний,бензин,1.6 MT (105 л.с.),105,106239,False,1039000
ford,focus,седан,передний,бензин,1.6 MT (105 л.с.),105,237000,False,720000
ford,focus,седан,передний,бензин,1.6 MT (115 л.с.),115,203000,False,645000
ford,focus,хетчбэк,передний,бензин,1.6 AMT (125 л.с.),125,158000,False,750000
ford,focus,хетчбэк,передний,бензин,1.6 MT (115 л.с.),115,187997,False,495000
ford,focus,хетчбэк,передний,бензин,1.6 MT (100 л.с.),100,302000,False,595000
ford,focus,хетчбэк,передний,бензин,1.6 AT (100 л.с.),100,167436,False,560000
ford,focus,универсал,передний,бензин,1.4 MT (75 л.с.),75,353567,False,263000
ford,focus,хетчбэк,передний,бензин,1.6 MT (100 л.с.),100,2780,True,100000
ford,focus,седан,передний,бензин,1.6 AT (100 л.с.),100,258586,False,390000
ford,focus,универсал,передний,бензин,1.6 MT (105 л.с.),105,135325,False,1199500
ford,focus,хетчбэк,передний,бензин,1.6 MT (100 л.с.),100,189700,False,370000
ford,focus,хетчбэк,передний,бензин,2.0 MT (150 л.с.),150,220000,False,925000
ford,focus,хетчбэк,передний,бензин,1.6 MT (125 л.с.),125,281000,False,670000
ford,focus,седан,передний,бензин,1.6 AMT (125 л.с.),125,169974,False,805000
ford,focus,седан,передний,бензин,1.6 MT (105 л.с.),105,71000,False,1270000
ford,focus,хетчбэк,передний,бензин,1.6 MT (115 л.с.),115,250000,False,449000
ford,focus,универсал,передний,бензин,1.8 MT (125 л.с.),125,184388,False,530000
ford,focus,хетчбэк,передний,бензин,1.6 AMT (125 л.с.),125,114352,False,1249000
ford,focus,хетчбэк,передний,бензин,1.4 MT (80 л.с.),80,229000,False,520000
ford,focus,седан,передний,бензин,1.8 MT (125 л.с.),125,176660,False,500000
ford,focus,седан,передний,бензин,1.6 MT (100 л.с.),100,246000,False,470000
ford,focus,хетчбэк,передний,бензин,2.0 MT (150 л.с.),150,265160,False,800000
ford,focus,хетчбэк,передний,бензин,1.6 MT (100 л.с.),100,288000,False,350000
ford,focus,седан,передний,бензин,1.6 MT (100 л.с.),100,168850,False,565000
ford,focus,хетчбэк,передний,дизель,1.8 MT (116 л.с.),116,142641,False,849000
ford,focus,хетчбэк,передний,бензин,1.6 AT (100 л.с.),100,205040,False,500000
ford,focus,хетчбэк,передний,бензин,1.6 MT (115 л.с.),115,206000,False,400000
ford,focus,универсал,передний,бензин,2.0 AMT (150 л.с.),150,137064,False,870000
ford,focus,хетчбэк,передний,бензин,1.6 MT (105 л.с.),105,145000,False,750000
ford,focus,седан,передний,бензин,1.6 MT (105 л.с.),105,167831,False,810000
ford,focus,универсал,передний,бензин,1.8 MT (115 л.с.),115,300000,False,280000
ford,focus,универсал,передний,бензин,2.0 AMT (150 л.с.),150,187215,False,859000
ford,focus,хетчбэк,передний,бензин,1.6 MT (115 л.с.),115,193000,False,500000
ford,focus,хетчбэк,передний,бензин,1.6 MT (115 л.с.),115,300550,False,455000
ford,focus,хетчбэк,передний,бензин,1.8 MT (125 л.с.),125,207000,False,480000
ford,focus,универсал,передний,бензин,1.4 MT (75 л.с.),75,272000,False,399000
ford,focus,седан,передний,бензин,2.0 AT (145 л.с.),145,260000,False,580000
ford,focus,седан,передний,бензин,1.8 MT (125 л.с.),125,168292,False,720000
ford,focus,седан,передний,бензин,1.6 MT (100 л.с.),100,210000,False,250000
ford,focus,универсал,передний,дизель,1.5 MT (120 л.с.),120,84300,False,1400000
ford,focus,хетчбэк,передний,бензин,1.6 MT (115 л.с.),115,230000,False,450000
ford,focus,универсал,передний,бензин,1.6 MT (105 л.с.),105,180000,False,920000
ford,focus,хетчбэк,передний,бензин,1.8 MT (125 л.с.),125,335998,False,360000
ford,focus,хетчбэк,передний,бензин,1.6 MT (125 л.с.),125,292000,False,700000
ford,focus,хетчбэк,передний,бензин,2.0 AT (145 л.с.),145,240000,False,520000
ford,focus,седан,передний,бензин,1.6 MT (115 л.с.),115,220000,False,260000
ford,focus,седан,передний,бензин,1.6 MT (100 л.с.),100,235000,False,670000
ford,focus,седан,передний,бензин,1.6 MT (115 л.с.),115,198130,False,427000
ford,focus,седан,передний,бензин,1.6 MT (105 л.с.),105,176700,False,738000
ford,focus,хетчбэк,передний,бензин,1.6 MT (100 л.с.),100,209149,False,329099
ford,focus,седан,передний,бензин,1.6 MT (100 л.с.),100,192254,False,599000
ford,focus,седан,передний,бензин,1.6 MT (98 л.с.),98,190000,True,115000
ford,focus,универсал,передний,бензин,2.0 AMT (150 л.с.),150,174000,False,750000
ford,focus,хетчбэк,передний,бензин,1.8 MT (125 л.с.),125,212200,False,450000
ford,focus,седан,передний,бензин,1.6 MT (115 л.с.),115,176000,False,499000
ford,focus,хетчбэк,передний,бензин,1.6 AT (100 л.с.),100,280000,False,460000
ford,focus,седан,передний,бензин,1.6 AT (100 л.с.),100,177360,False,650000
ford,focus,универсал,передний,бензин,1.6 MT (98 л.с.),98,184748,False,350000
ford,focus,седан,передний,бензин,2.0 AMT (160 л.с.),160,171000,False,1100000
ford,focus,хетчбэк,передний,бензин,1.6 MT (105 л.с.),105,200000,False,450000
ford,focus,седан,передний,бензин,1.6 MT (85 л.с.),85,215000,False,745000
ford,focus,седан,передний,бензин,1.6 MT (98 л.с.),98,267000,True,1000
ford,focus,седан,передний,бензин,1.6 MT (105 л.с.),105,365000,False,790000
ford,focus,седан,передний,бензин,1.8 MT (125 л.с.),125,280000,False,395000
ford,focus,хетчбэк,передний,бензин,1.8 MT (125 л.с.),125,184600,False,599000
ford,focus,седан,передний,бензин,2.0 AT (130 л.с.),130,202000,False,350000
ford,focus,хетчбэк,передний,бензин,1.6 MT (98 л.с.),98,290000,False,230000
ford,focus,универсал,передний,бензин,1.6 MT (105 л.с.),105,166963,False,870000
ford,focus,седан,передний,бензин,1.8 MT (115 л.с.),115,350000,True,180000
ford,focus,седан,передний,бензин,1.6 MT (105 л.с.),105,188000,False,830000
ford,focus,седан,передний,бензин,1.6 MT (98 л.с.),98,397000,False,280000
ford,focus,хетчбэк,передний,бензин,2.0 MT (150 л.с.),150,303000,False,777000
ford,focus,седан,передний,бензин,2.0 AT (131 л.с.),131,280000,False,170000
ford,focus,седан,передний,бензин,1.6 MT (115 л.с.),115,350800,False,770000
ford,focus,хетчбэк,передний,бензин,1.6 AMT (125 л.с.),125,184660,False,839000
ford,focus,универсал,передний,бензин,1.6 AMT (125 л.с.),125,104000,False,1450000
ford,focus,универсал,передний,бензин,1.8 MT (115 л.с.),115,220000,False,399000
ford,focus,универсал,передний,бензин,2.0 AMT (150 л.с.),150,280000,True,610000
ford,focus,универсал,передний,бензин,1.4 MT (80 л.с.),80,210000,False,540000
ford,focus,седан,передний,бензин,1.8 MT (125 л.с.),125,334000,False,405000
ford,focus,седан,передний,бензин,1.6 AMT (125 л.с.),125,206000,False,1030000
ford,focus,седан,передний,бензин,1.6 MT (115 л.с.),115,285151,False,489000
ford,focus,хетчбэк,передний,бензин,1.6 MT (100 л.с.),100,163902,False,599000
ford,focus,универсал,передний,бензин,1.6 AMT (125 л.с.),125,100400,False,1170000
ford,focus,хетчбэк,передний,бензин,1.6 AMT (105 л.с.),105,151120,False,1299000
ford,focus,универсал,передний,бензин,1.8 MT (115 л.с.),115,294098,False,295000
ford,focus,хетчбэк,передний,бензин,1.6 AMT (105 л.с.),105,170893,False,1049000
ford,fusion,хетчбэк,передний,бензин,1.6 MT (101 л.с.),101,167850,False,565000
ford,fusion,хетчбэк,передний,бензин,1.6 MT (101 л.с.),101,197318,False,450000
ford,fusion,хетчбэк,передний,бензин,1.6 MT (101 л.с.),101,210000,False,403000
ford,fusion,хетчбэк,передний,бензин,1.6 MT (101 л.с.),101,195916,False,649000
ford,fusion,хетчбэк,передний,бензин,1.4 MT (80 л.с.),80,244738,False,385000
ford,fusion,хетчбэк,передний,бензин,1.4 MT (80 л.с.),80,272925,False,399000
ford,fusion,хетчбэк,передний,бензин,1.6 MT (101 л.с.),101,88000,False,650000
ford,fusion,хетчбэк,передний,бензин,1.4 MT (80 л.с.),80,180000,False,429000
ford,fusion,хетчбэк,передний,бензин,1.4 AMT (80 л.с.),80,165000,False,570000
ford,fusion,хетчбэк,передний,дизель,1.4 MT (68 л.с.),68,260000,False,449050
ford,fusion,хетчбэк,передний,бензин,1.4 AMT (80 л.с.),80,254717,False,320000
ford,fusion,хетчбэк,передний,бензин,1.6 MT (101 л.с.),101,131838,False,679000
ford,galaxy,минивэн,передний,бензин,2.0 MT (145 л.с.),145,194000,False,1500000
ford,kuga,внедорожник,полный,бензин,1.5 AT (150 л.с.),150,115000,False,1790000
ford,kuga,внедорожник,полный,бензин,1.6 AT (150 л.с.),150,131773,False,1399000
ford,kuga,внедорожник,полный,бензин,1.6 AT (150 л.с.),150,175000,False,1280000
ford,kuga,внедорожник,передний,бензин,2.5 AT (150 л.с.),150,115000,False,1749000
ford,kuga,внедорожник,передний,дизель,2.0 MT (140 л.с.),140,370000,False,799000
ford,kuga,внедорожник,передний,дизель,2.0 AMT (140 л.с.),140,97000,False,1370000
ford,kuga,внедорожник,полный,бензин,1.6 AT (150 л.с.),150,98803,False,1615000
ford,kuga,внедорожник,полный,дизель,2.0 AMT (164 л.с.),164,173029,False,1299000
ford,maverick,внедорожник,полный,дизель,2.7 MT (100 л.с.),100,272000,False,350000
ford,mondeo,седан,передний,бензин,2.0 AMT (200 л.с.),200,249000,False,950000
ford,mondeo,седан,передний,бензин,2.3 AT (161 л.с.),161,243000,False,630000
ford,mondeo,седан,передний,бензин,2.0 MT (145 л.с.),145,258409,False,590000
ford,mondeo,седан,передний,бензин,1.6 MT (125 л.с.),125,220000,False,700000
ford,mondeo,седан,передний,бензин,1.8 MT (115 л.с.),115,290000,False,125000
ford,mondeo,седан,передний,бензин,1.6 MT (125 л.с.),125,210000,False,700000
ford,mondeo,седан,передний,бензин,2.0 MT (145 л.с.),145,420000,False,220000
ford,mondeo,лифтбек,передний,бензин,1.8 MT (125 л.с.),125,360000,False,185000
ford,mondeo,универсал,передний,дизель,1.8 MT (125 л.с.),125,212000,False,700000
ford,mondeo,седан,передний,бензин,2.0 AMT (200 л.с.),200,146361,False,1050000
ford,mondeo,универсал,передний,дизель,1.8 MT (90 л.с.),90,319899,False,125999
ford,mondeo,седан,передний,бензин,1.6 MT (90 л.с.),90,298453,False,95000
ford,mondeo,лифтбек,передний,бензин,2.0 MT (136 л.с.),136,250000,False,90000
ford,mondeo,седан,передний,бензин,2.0 AT (145 л.с.),145,340000,False,330000
ford,mondeo,седан,передний,бензин,2.5 AT (170 л.с.),170,399533,False,300000
ford,mondeo,седан,передний,бензин,2.3 AT (161 л.с.),161,234100,False,890000
ford,mondeo,седан,передний,бензин,2.5 MT (170 л.с.),170,241328,False,350000
ford,mondeo,седан,передний,бензин,2.3 AT (161 л.с.),161,161000,False,1550000
ford,mondeo,универсал,передний,дизель,1.8 MT (90 л.с.),90,336267,True,110000
ford,mondeo,седан,передний,бензин,2.0 MT (145 л.с.),145,189000,False,260000
ford,mondeo,седан,передний,бензин,1.8 MT (125 л.с.),125,414014,False,390000
ford,mondeo,универсал,передний,бензин,2.0 MT (130 л.с.),130,100000,True,35000
ford,mondeo,седан,передний,бензин,1.8 MT (125 л.с.),125,178133,True,100000
ford,mondeo,универсал,передний,бензин,1.6 MT (90 л.с.),90,318468,False,43000
ford,mondeo,седан,передний,бензин,2.0 AMT (200 л.с.),200,249000,False,950000
ford,mondeo,седан,передний,бензин,2.3 AT (161 л.с.),161,243000,False,630000
ford,mondeo,седан,передний,бензин,2.0 MT (145 л.с.),145,258409,False,590000
ford,mondeo,седан,передний,бензин,1.6 MT (125 л.с.),125,220000,False,700000
ford,mondeo,седан,передний,бензин,1.8 MT (115 л.с.),115,290000,False,125000
ford,mondeo,седан,передний,бензин,1.6 MT (125 л.с.),125,210000,False,700000
ford,mondeo,седан,передний,бензин,2.0 MT (145 л.с.),145,420000,False,220000
ford,mondeo,лифтбек,передний,бензин,1.8 MT (125 л.с.),125,360000,False,185000
ford,mondeo,универсал,передний,дизель,1.8 MT (125 л.с.),125,212000,False,700000
ford,mondeo,седан,передний,бензин,2.0 AMT (200 л.с.),200,146361,False,1050000
ford,mondeo,универсал,передний,дизель,1.8 MT (90 л.с.),90,319899,False,125999
ford,mondeo,седан,передний,бензин,1.6 MT (90 л.с.),90,298453,False,95000
ford,mondeo,лифтбек,передний,бензин,2.0 MT (136 л.с.),136,250000,False,90000
ford,mondeo,седан,передний,бензин,2.0 AT (145 л.с.),145,340000,False,330000
ford,mondeo,седан,передний,бензин,2.5 AT (170 л.с.),170,399533,False,300000
ford,mondeo,седан,передний,бензин,2.3 AT (161 л.с.),161,234100,False,890000
ford,mondeo,седан,передний,бензин,2.5 MT (170 л.с.),170,241328,False,350000
ford,mondeo,седан,передний,бензин,2.3 AT (161 л.с.),161,161000,False,1550000
ford,mondeo,универсал,передний,дизель,1.8 MT (90 л.с.),90,336267,True,110000
ford,mondeo,седан,передний,бензин,2.0 MT (145 л.с.),145,189000,False,260000
ford,mondeo,седан,передний,бензин,1.8 MT (125 л.с.),125,414014,False,390000
ford,mondeo,универсал,передний,бензин,2.0 MT (130 л.с.),130,100000,True,35000
ford,mondeo,седан,передний,бензин,1.8 MT (125 л.с.),125,178133,True,100000
ford,mondeo,универсал,передний,бензин,1.6 MT (90 л.с.),90,318468,False,43000
ford,mustang,купе,задний,бензин,2.3 AT (317 л.с.),317,91000,False,2350000
ford,probe,купе,передний,бензин,2.5 MT (165 л.с.),165,170000,False,205000
ford,probe,купе,передний,бензин,2.0 MT (117 л.с.),117,87865,False,350000
ford,scorpio,хетчбэк,задний,бензин,2.9 AT (150 л.с.),150,264000,False,200000
ford,scorpio,хетчбэк,задний,бензин,2.0 MT (105 л.с.),105,265000,False,170000
ford,s,минивэн,передний,дизель,2.0 MT (140 л.с.),140,328000,False,980000
ford,s,минивэн,передний,бензин,2.0 MT (145 л.с.),145,335000,False,570000
ford,taurus,седан,передний,бензин,3.0 MT (223 л.с.),223,120000,False,120000
ford,transit,микроавтобус,передний,дизель,2.2 MT (85 л.с.),85,443574,False,890000
ford,transit,фургон,задний,дизель,2.2 MT (135 л.с.),135,370000,False,1650000
ford,transit,фургон,задний,дизель,2.2 MT (155 л.с.),155,531062,False,799000
ford,transit,фургон,задний,дизель,2.4 MT (140 л.с.),140,470000,False,1499000
ford,transit,фургон,передний,дизель,2.2 MT (85 л.с.),85,251000,False,1000000
ford,transit,фургон,задний,дизель,2.4 MT (115 л.с.),115,214000,False,950000
ford,transit_connect,фургон,передний,дизель,1.8 MT (90 л.с.),90,280000,False,520000
ford,transit_connect,фургон,передний,дизель,1.8 MT (90 л.с.),90,190000,False,420000
ford,transit_connect,фургон,передний,дизель,1.8 MT (90 л.с.),90,333000,False,280000
gac,gs8,внедорожник,полный,бензин,2.0 AT (248 л.с.),248,10,False,4299000
geely,atlas,внедорожник,полный,бензин,2.4 AT (149 л.с.),149,37818,False,2139000
geely,atlas_pro,внедорожник,передний,бензин,1.5 AT (177 л.с.),177,85,False,3199000
geely,coolray,внедорожник,передний,бензин,1.5 AMT (174 л.с.),174,388,False,2950000
geely,coolray,внедорожник,передний,бензин,1.5 AMT (150 л.с.),150,38458,False,2067000
geely,coolray,внедорожник,передний,бензин,1.5 AMT (150 л.с.),150,23300,False,2345000
geely,coolray,внедорожник,передний,бензин,1.5 AMT (150 л.с.),150,48678,False,2199000
geely,coolray,внедорожник,передний,бензин,1.5 AMT (150 л.с.),150,3866,False,3499000
geely,coolray,внедорожник,передний,бензин,1.5 AMT (150 л.с.),150,31302,False,2255000
geely,mk,седан,передний,бензин,1.5 MT (94 л.с.),94,193000,False,140000
geely,mk,седан,передний,бензин,1.5 MT (94 л.с.),94,96500,False,150000
geely,mk,седан,передний,бензин,1.5 MT (94 л.с.),94,133000,False,340000
geely,mk_cross,хетчбэк,передний,бензин,1.5 MT (94 л.с.),94,196000,False,220000
geely,mk_cross,хетчбэк,передний,бензин,1.5 MT (94 л.с.),94,75,False,1190000
geely,mk_cross,хетчбэк,передний,бензин,1.5 MT (94 л.с.),94,170000,True,150000
geely,monjaro,внедорожник,полный,бензин,2.0 AT (238 л.с.),238,600,False,4300000
geely,monjaro,внедорожник,полный,бензин,2.0 AT (238 л.с.),238,600,False,4300000
geely,monjaro,внедорожник,полный,бензин,2.0 AT (238 л.с.),238,100,False,4399500
geely,tugella,внедорожник,полный,бензин,2.0 AT (238 л.с.),238,34870,False,3799000
geely,tugella,внедорожник,полный,бензин,2.0 AT (238 л.с.),238,18909,False,3504000
genesis,gv80,внедорожник,полный,дизель,3.0 AT (278 л.с.),278,41000,False,6000000
gmc,envoy,внедорожник,полный,бензин,4.2 AT (273 л.с.),273,280000,False,400000
gmc,terrain,внедорожник,полный,бензин,1.5 AT (170 л.с.),170,24408,False,3550000
gmc,terrain,внедорожник,полный,бензин,1.5 AT (173 л.с.),173,107953,False,2350000
golden_dragon,mpv,микроавтобус,задний,бензин,2.2 MT (100 л.с.),100,250000,False,130000
great_wall,deer,пикап,полный,бензин,2.2 MT (105 л.с.),105,22778,False,350000
great_wall,hover_h3,внедорожник,полный,бензин,2.0 MT (122 л.с.),122,121400,False,785000
great_wall,hover_h3,внедорожник,полный,бензин,2.0 MT (122 л.с.),122,170450,False,699000
great_wall,hover_h3,внедорожник,полный,бензин,2.0 MT (122 л.с.),122,186633,False,733000
great_wall,hover_h3,внедорожник,полный,бензин,2.0 MT (115 л.с.),115,142243,False,949000
great_wall,hover_h3,внедорожник,полный,бензин,2.0 MT (116 л.с.),116,162000,False,855000
great_wall,hover_h3,внедорожник,полный,бензин,2.0 MT (115 л.с.),115,156000,False,790000
great_wall,hover_h3,внедорожник,полный,бензин,2.0 MT (115 л.с.),115,210646,False,690000
great_wall,hover_h5,внедорожник,полный,дизель,2.0 AT (143 л.с.),143,86389,False,979000
great_wall,hover_m2,универсал,передний,бензин,1.5 MT (99 л.с.),99,310000,False,450000
great_wall,poer,пикап,полный,дизель,2.0 AT (150 л.с.),150,0,False,3629000
great_wall,poer,пикап,полный,дизель,2.0 AT (150 л.с.),150,0,False,3629000
great_wall,poer,пикап,полный,дизель,2.0 AT (150 л.с.),150,0,False,3629000
great_wall,poer,пикап,полный,дизель,2.0 AT (150 л.с.),150,0,False,3629000
great_wall,poer,пикап,полный,дизель,2.0 AT (150 л.с.),150,0,False,3629000
great_wall,poer,пикап,полный,дизель,2.0 AT (150 л.с.),150,0,False,3629000
great_wall,poer,пикап,полный,дизель,2.0 AT (150 л.с.),150,0,False,3629000
great_wall,poer,пикап,полный,дизель,2.0 AT (150 л.с.),150,0,False,3629000
great_wall,poer,пикап,полный,дизель,2.0 AT (150 л.с.),150,0,False,3629000
great_wall,poer,пикап,полный,дизель,2.0 AT (150 л.с.),150,0,False,3629000
great_wall,poer,пикап,полный,дизель,2.0 AT (150 л.с.),150,0,False,3629000
great_wall,poer,пикап,полный,дизель,2.0 AT (150 л.с.),150,0,False,3629000
great_wall,poer,пикап,полный,дизель,2.0 AT (150 л.с.),150,0,False,3629000
great_wall,poer,пикап,полный,дизель,2.0 AT (150 л.с.),150,0,False,3629000
great_wall,poer,пикап,полный,дизель,2.0 AT (150 л.с.),150,0,False,3629000
great_wall,poer,пикап,полный,дизель,2.0 AT (150 л.с.),150,0,False,3629000
great_wall,poer,пикап,полный,дизель,2.0 AT (150 л.с.),150,0,False,3629000
great_wall,poer,пикап,полный,дизель,2.0 AT (150 л.с.),150,0,False,3629000
great_wall,poer,пикап,полный,дизель,2.0 AT (150 л.с.),150,0,False,3629000
great_wall,poer,пикап,полный,дизель,2.0 AT (150 л.с.),150,0,False,3629000
great_wall,poer,пикап,полный,дизель,2.0 AT (150 л.с.),150,0,False,3629000
great_wall,poer,пикап,полный,дизель,2.0 AT (150 л.с.),150,0,False,3629000
great_wall,poer_kingkong,пикап,полный,дизель,2.0 MT (150 л.с.),150,0,False,2719150
great_wall,poer_kingkong,пикап,полный,дизель,2.0 MT (150 л.с.),150,0,False,2549150
great_wall,poer_kingkong,пикап,полный,бензин,2.0 MT (190 л.с.),190,0,False,2549150
great_wall,poer_kingkong,пикап,полный,бензин,2.0 MT (190 л.с.),190,0,False,2549150
great_wall,poer_kingkong,пикап,полный,дизель,2.0 MT (150 л.с.),150,0,False,2549150
great_wall,poer_kingkong,пикап,полный,дизель,2.0 MT (150 л.с.),150,0,False,2753150
great_wall,poer_kingkong,пикап,полный,дизель,2.0 MT (150 л.с.),150,0,False,2549150
great_wall,poer_kingkong,пикап,полный,дизель,2.0 MT (150 л.с.),150,0,False,2549150
great_wall,poer_kingkong,пикап,полный,дизель,2.0 MT (150 л.с.),150,0,False,2753150
great_wall,poer_kingkong,пикап,полный,дизель,2.0 MT (150 л.с.),150,0,False,2549150
great_wall,poer_kingkong,пикап,полный,бензин,2.0 MT (190 л.с.),190,0,False,3207200
great_wall,poer_kingkong,пикап,полный,дизель,2.0 MT (150 л.с.),150,0,False,2719150
great_wall,poer_kingkong,пикап,полный,дизель,2.0 MT (150 л.с.),150,0,False,2549150
great_wall,poer_kingkong,пикап,полный,дизель,2.0 MT (150 л.с.),150,0,False,2549150
great_wall,poer_kingkong,пикап,полный,бензин,2.0 MT (190 л.с.),190,0,False,2549150
great_wall,poer_kingkong,пикап,полный,дизель,2.0 MT (150 л.с.),150,0,False,2753150
great_wall,poer_kingkong,пикап,полный,дизель,2.0 MT (150 л.с.),150,0,False,2549150
great_wall,poer_kingkong,пикап,полный,бензин,2.0 MT (190 л.с.),190,0,False,2549150
great_wall,poer_kingkong,пикап,полный,дизель,2.0 MT (150 л.с.),150,0,False,2549150
great_wall,poer_kingkong,пикап,полный,дизель,2.0 MT (150 л.с.),150,0,False,2719150
great_wall,poer_kingkong,пикап,полный,дизель,2.0 MT (150 л.с.),150,0,False,2549150
great_wall,poer_kingkong,пикап,полный,дизель,2.0 MT (150 л.с.),150,0,False,2549150
great_wall,poer_kingkong,пикап,полный,дизель,2.0 MT (150 л.с.),150,0,False,2719150
great_wall,poer_kingkong,пикап,полный,дизель,2.0 MT (150 л.с.),150,0,False,2549150
great_wall,poer_kingkong,пикап,полный,дизель,2.0 MT (150 л.с.),150,0,False,2549150
great_wall,poer_kingkong,пикап,полный,дизель,2.0 MT (150 л.с.),150,0,False,2549150
great_wall,poer_kingkong,пикап,полный,дизель,2.0 MT (150 л.с.),150,0,False,2549150
great_wall,poer_kingkong,пикап,полный,дизель,2.0 MT (150 л.с.),150,0,False,2549150
great_wall,poer_kingkong,пикап,полный,дизель,2.0 MT (150 л.с.),150,0,False,2549150
great_wall,safe,внедорожник,полный,бензин,2.2 MT (105 л.с.),105,160000,False,390000
great_wall,safe,внедорожник,полный,бензин,2.2 MT (105 л.с.),105,100000,False,229999
great_wall,sailor,пикап,задний,бензин,2.2 MT (105 л.с.),105,160000,False,230000
great_wall,wingle,пикап,полный,бензин,2.2 MT (110 л.с.),110,81000,False,333000
haval,dargo,внедорожник,полный,бензин,2.0 AMT (192 л.с.),192,8721,False,3399000
haval,dargo,внедорожник,полный,бензин,2.0 AMT (192 л.с.),192,0,False,3579000
haval,dargo,внедорожник,полный,бензин,2.0 AMT (192 л.с.),192,0,False,3429000
haval,dargo,внедорожник,полный,бензин,2.0 AMT (192 л.с.),192,0,False,3579000
haval,dargo,внедорожник,полный,бензин,2.0 AMT (192 л.с.),192,12494,False,3599500
haval,dargo,внедорожник,полный,бензин,2.0 AMT (192 л.с.),192,0,False,3399000
haval,dargo,внедорожник,полный,бензин,2.0 AMT (192 л.с.),192,0,False,3109000
haval,dargo,внедорожник,передний,бензин,2.0 AMT (192 л.с.),192,0,False,2999000
haval,dargo,внедорожник,полный,бензин,2.0 AMT (192 л.с.),192,0,False,3549000
haval,dargo,внедорожник,полный,бензин,2.0 AMT (192 л.с.),192,0,False,2919000
haval,dargo,внедорожник,передний,бензин,2.0 AMT (192 л.с.),192,0,False,2999000
haval,dargo,внедорожник,полный,бензин,2.0 AMT (192 л.с.),192,0,False,2919000
haval,dargo,внедорожник,полный,бензин,2.0 AMT (192 л.с.),192,0,False,2919000
haval,dargo,внедорожник,полный,бензин,2.0 AMT (192 л.с.),192,0,False,3109000
haval,dargo,внедорожник,передний,бензин,2.0 AMT (192 л.с.),192,0,False,2999000
haval,dargo,внедорожник,передний,бензин,2.0 AMT (192 л.с.),192,0,False,2999000
haval,dargo,внедорожник,полный,бензин,2.0 AMT (192 л.с.),192,0,False,3169000
haval,dargo_x,внедорожник,полный,бензин,2.0 AMT (192 л.с.),192,0,False,3289000
haval,dargo_x,внедорожник,полный,бензин,2.0 AMT (192 л.с.),192,0,False,3499000
haval,dargo_x,внедорожник,полный,бензин,2.0 AMT (192 л.с.),192,0,False,3189000
haval,dargo_x,внедорожник,полный,бензин,2.0 AMT (192 л.с.),192,0,False,3289000
haval,dargo_x,внедорожник,полный,бензин,2.0 AMT (192 л.с.),192,0,False,3289000
haval,dargo_x,внедорожник,полный,бензин,2.0 AMT (192 л.с.),192,0,False,3269000
haval,dargo_x,внедорожник,полный,бензин,2.0 AMT (192 л.с.),192,0,False,3189000
haval,dargo_x,внедорожник,полный,бензин,2.0 AMT (192 л.с.),192,0,False,3189000
haval,dargo_x,внедорожник,полный,бензин,2.0 AMT (192 л.с.),192,0,False,3289000
haval,f7,внедорожник,полный,бензин,2.0 AMT (190 л.с.),190,0,False,3470430
haval,f7,внедорожник,передний,бензин,1.5 AMT (150 л.с.),150,0,False,2270000
haval,f7,внедорожник,передний,бензин,1.5 AMT (150 л.с.),150,71707,False,2100000
haval,f7,внедорожник,полный,бензин,1.5 AMT (150 л.с.),150,0,False,2419000
haval,f7,внедорожник,передний,бензин,1.5 AMT (150 л.с.),150,0,False,2319000
haval,f7,внедорожник,передний,бензин,1.5 AMT (150 л.с.),150,0,False,2319000
haval,f7,внедорожник,полный,бензин,2.0 AMT (190 л.с.),190,30954,False,2850000
haval,f7,внедорожник,передний,бензин,1.5 AMT (150 л.с.),150,48989,False,2095000
haval,f7,внедорожник,полный,бензин,2.0 AMT (190 л.с.),190,31000,False,2399000
haval,f7,внедорожник,передний,бензин,1.5 AMT (150 л.с.),150,0,False,2529000
haval,f7,внедорожник,передний,бензин,1.5 AMT (150 л.с.),150,61091,False,2179000
haval,f7,внедорожник,передний,бензин,1.5 AMT (150 л.с.),150,0,False,2319000
haval,f7,внедорожник,передний,бензин,1.5 AMT (150 л.с.),150,0,False,2270000
haval,f7,внедорожник,передний,бензин,1.5 AMT (150 л.с.),150,0,False,2319000
haval,f7,внедорожник,передний,бензин,1.5 AMT (150 л.с.),150,0,False,2270000
haval,f7,внедорожник,передний,бензин,1.5 AMT (150 л.с.),150,0,False,2319000
haval,f7,внедорожник,полный,бензин,1.5 AMT (150 л.с.),150,0,False,2369000
haval,f7,внедорожник,полный,бензин,1.5 AMT (150 л.с.),150,0,False,2419000
haval,f7,внедорожник,передний,бензин,1.5 AMT (150 л.с.),150,0,False,2270000
haval,f7,внедорожник,полный,бензин,2.0 AMT (190 л.с.),190,0,False,3279000
haval,f7,внедорожник,полный,бензин,2.0 AMT (190 л.с.),190,0,False,2619000
haval,f7,внедорожник,полный,бензин,1.5 AMT (150 л.с.),150,0,False,2419000
haval,f7,внедорожник,полный,бензин,2.0 AMT (190 л.с.),190,0,False,2619000
haval,f7,внедорожник,полный,бензин,1.5 AMT (150 л.с.),150,0,False,2419000
haval,f7,внедорожник,полный,бензин,1.5 AMT (150 л.с.),150,0,False,2419000
haval,f7,внедорожник,полный,бензин,2.0 AMT (190 л.с.),190,0,False,2719000
haval,f7,внедорожник,полный,бензин,2.0 AMT (190 л.с.),190,0,False,2799000
haval,f7,внедорожник,полный,бензин,2.0 AMT (190 л.с.),190,0,False,2619000
haval,f7,внедорожник,полный,бензин,2.0 AMT (190 л.с.),190,0,False,2799000
haval,f7,внедорожник,полный,бензин,1.5 AMT (150 л.с.),150,0,False,2369000
haval,f7,внедорожник,полный,бензин,2.0 AMT (190 л.с.),190,0,False,2799000
haval,f7,внедорожник,полный,бензин,2.0 AMT (190 л.с.),190,0,False,2799000
haval,f7,внедорожник,полный,бензин,2.0 AMT (190 л.с.),190,0,False,2799000
haval,f7,внедорожник,полный,бензин,2.0 AMT (190 л.с.),190,0,False,2719000
haval,f7,внедорожник,полный,бензин,1.5 AMT (150 л.с.),150,0,False,2369000
haval,f7,внедорожник,полный,бензин,2.0 AMT (190 л.с.),190,0,False,2719000
haval,f7,внедорожник,полный,бензин,2.0 AMT (190 л.с.),190,0,False,2619000
haval,f7x,внедорожник,полный,бензин,1.5 AMT (150 л.с.),150,0,False,2337000
haval,f7x,внедорожник,передний,бензин,1.5 AMT (150 л.с.),150,0,False,2369000
haval,f7x,внедорожник,полный,бензин,1.5 AMT (150 л.с.),150,0,False,2337000
haval,f7x,внедорожник,полный,бензин,2.0 AMT (190 л.с.),190,0,False,3379000
haval,f7x,внедорожник,передний,бензин,1.5 AMT (150 л.с.),150,41000,False,2300000
haval,f7x,внедорожник,полный,бензин,2.0 AMT (190 л.с.),190,12,False,2939000
haval,f7x,внедорожник,полный,бензин,1.5 AMT (150 л.с.),150,0,False,2409000
haval,f7x,внедорожник,полный,бензин,2.0 AMT (190 л.с.),190,0,False,3379000
haval,f7x,внедорожник,полный,бензин,1.5 AMT (150 л.с.),150,0,False,2337000
haval,f7x,внедорожник,полный,бензин,2.0 AMT (190 л.с.),190,0,False,2619000
haval,f7x,внедорожник,полный,бензин,2.0 AMT (190 л.с.),190,0,False,3069000
haval,f7x,внедорожник,полный,бензин,2.0 AMT (190 л.с.),190,0,False,2619000
haval,f7x,внедорожник,полный,бензин,1.5 AMT (150 л.с.),150,0,False,2337000
haval,f7x,внедорожник,полный,бензин,1.5 AMT (150 л.с.),150,0,False,2337000
haval,f7x,внедорожник,передний,бензин,1.5 AMT (150 л.с.),150,0,False,2219000
haval,f7x,внедорожник,полный,бензин,2.0 AMT (190 л.с.),190,0,False,3089000
haval,f7x,внедорожник,полный,бензин,2.0 AMT (190 л.с.),190,0,False,3089000
haval,f7x,внедорожник,полный,бензин,1.5 AMT (150 л.с.),150,0,False,2409000
haval,f7x,внедорожник,передний,бензин,1.5 AMT (150 л.с.),150,0,False,2219000
haval,f7x,внедорожник,полный,бензин,2.0 AMT (190 л.с.),190,0,False,3069000
haval,f7x,внедорожник,передний,бензин,1.5 AMT (150 л.с.),150,0,False,2369000
haval,f7x,внедорожник,передний,бензин,1.5 AMT (150 л.с.),150,0,False,2369000
haval,f7x,внедорожник,полный,бензин,2.0 AMT (190 л.с.),190,0,False,2619000
haval,f7x,внедорожник,полный,бензин,1.5 AMT (150 л.с.),150,0,False,2409000
haval,f7x,внедорожник,передний,бензин,1.5 AMT (150 л.с.),150,0,False,2219000
haval,f7x,внедорожник,полный,бензин,1.5 AMT (150 л.с.),150,0,False,2409000
haval,f7x,внедорожник,полный,бензин,2.0 AMT (190 л.с.),190,0,False,2619000
haval,f7x,внедорожник,передний,бензин,1.5 AMT (150 л.с.),150,0,False,2369000
haval,f7x,внедорожник,передний,бензин,1.5 AMT (150 л.с.),150,0,False,2219000
haval,f7x,внедорожник,полный,бензин,2.0 AMT (190 л.с.),190,0,False,3069000
haval,f7x,внедорожник,полный,бензин,1.5 AMT (150 л.с.),150,0,False,2337000
haval,f7x,внедорожник,полный,бензин,2.0 AMT (190 л.с.),190,0,False,3069000
haval,h2,внедорожник,передний,бензин,1.5 AT (143 л.с.),143,94000,False,1650000
haval,h5,внедорожник,полный,бензин,2.0 MT (150 л.с.),150,69000,False,1950000
haval,h6,внедорожник,передний,бензин,1.5 MT (143 л.с.),143,105324,False,1730000
haval,h6,внедорожник,полный,бензин,1.5 MT (143 л.с.),143,74961,False,1849000
haval,h9,внедорожник,полный,дизель,2.0 AT (190 л.с.),190,0,False,4089000
haval,h9,внедорожник,полный,дизель,2.0 AT (190 л.с.),190,0,False,4089000
haval,h9,внедорожник,полный,бензин,2.0 AT (245 л.с.),245,42350,False,3050000
haval,h9,внедорожник,полный,бензин,2.0 AT (218 л.с.),218,0,False,3969000
haval,h9,внедорожник,полный,бензин,2.0 AT (218 л.с.),218,0,False,3969000
haval,h9,внедорожник,полный,бензин,2.0 AT (218 л.с.),218,0,False,4299000
haval,h9,внедорожник,полный,бензин,2.0 AT (218 л.с.),218,0,False,3969000
haval,h9,внедорожник,полный,бензин,2.0 AT (218 л.с.),218,0,False,3969000
haval,h9,внедорожник,полный,бензин,2.0 AT (218 л.с.),218,0,False,3969000
haval,h9,внедорожник,полный,бензин,2.0 AT (218 л.с.),218,0,False,3969000
haval,h9,внедорожник,полный,бензин,2.0 AT (218 л.с.),218,0,False,3969000
haval,h9,внедорожник,полный,бензин,2.0 AT (245 л.с.),245,140000,False,2699000
haval,h9,внедорожник,полный,дизель,2.0 AT (190 л.с.),190,0,False,4518395
haval,h9,внедорожник,полный,бензин,2.0 AT (218 л.с.),218,0,False,3969000
haval,h9,внедорожник,полный,бензин,2.0 AT (218 л.с.),218,0,False,3969000
haval,h9,внедорожник,полный,дизель,2.0 AT (190 л.с.),190,0,False,4089000
haval,h9,внедорожник,полный,бензин,2.0 AT (218 л.с.),218,0,False,4339000
haval,h9,внедорожник,полный,дизель,2.0 AT (190 л.с.),190,0,False,4089000
haval,h9,внедорожник,полный,бензин,2.0 AT (218 л.с.),218,0,False,3969000
haval,h9,внедорожник,полный,дизель,2.0 AT (190 л.с.),190,0,False,4089000
haval,h9,внедорожник,полный,дизель,2.0 AT (190 л.с.),190,0,False,4331820
haval,h9,внедорожник,полный,дизель,2.0 AT (190 л.с.),190,0,False,4089000
haval,h9,внедорожник,полный,бензин,2.0 AT (218 л.с.),218,0,False,4339000
haval,h9,внедорожник,полный,бензин,2.0 AT (218 л.с.),218,0,False,3969000
haval,h9,внедорожник,полный,бензин,2.0 AT (218 л.с.),218,0,False,3969000
haval,h9,внедорожник,полный,бензин,2.0 AT (218 л.с.),218,0,False,4339000
haval,h9,внедорожник,полный,бензин,2.0 AT (218 л.с.),218,0,False,3969000
haval,h9,внедорожник,полный,дизель,2.0 AT (190 л.с.),190,0,False,4089000
haval,h9,внедорожник,полный,бензин,2.0 AT (218 л.с.),218,0,False,3969000
haval,h9,внедорожник,полный,бензин,2.0 AT (218 л.с.),218,0,False,3969000
haval,h9,внедорожник,полный,бензин,2.0 AT (218 л.с.),218,0,False,3969000
haval,h9,внедорожник,полный,бензин,2.0 AT (218 л.с.),218,0,False,4402000
haval,h9,внедорожник,полный,бензин,2.0 AT (218 л.с.),218,0,False,3969000
haval,h9,внедорожник,полный,дизель,2.0 AT (190 л.с.),190,0,False,4089000
haval,h9,внедорожник,полный,дизель,2.0 AT (190 л.с.),190,0,False,4089000
haval,h9,внедорожник,полный,бензин,2.0 AT (218 л.с.),218,0,False,3969000
haval,h9,внедорожник,полный,дизель,2.0 AT (190 л.с.),190,0,False,4089000
haval,h9,внедорожник,полный,бензин,2.0 AT (218 л.с.),218,0,False,4299000
haval,jolion,внедорожник,передний,бензин,1.5 AMT (143 л.с.),143,0,False,1959000
haval,jolion,внедорожник,передний,бензин,1.5 MT (143 л.с.),143,0,False,1969000
haval,jolion,внедорожник,передний,бензин,1.5 AMT (143 л.с.),143,0,False,1759000
haval,jolion,внедорожник,передний,бензин,1.5 AMT (143 л.с.),143,0,False,2109000
haval,jolion,внедорожник,передний,бензин,1.5 AMT (143 л.с.),143,0,False,1759000
haval,jolion,внедорожник,передний,бензин,1.5 MT (143 л.с.),143,0,False,1969000
haval,jolion,внедорожник,передний,бензин,1.5 MT (143 л.с.),143,0,False,1969000
haval,jolion,внедорожник,передний,бензин,1.5 AMT (143 л.с.),143,0,False,2109000
haval,jolion,внедорожник,передний,бензин,1.5 AMT (143 л.с.),143,0,False,1759000
haval,jolion,внедорожник,полный,бензин,1.5 AMT (150 л.с.),150,0,False,2129000
haval,jolion,внедорожник,передний,бензин,1.5 AMT (143 л.с.),143,0,False,1959000
haval,jolion,внедорожник,передний,бензин,1.5 MT (143 л.с.),143,0,False,1969000
haval,jolion,внедорожник,передний,бензин,1.5 MT (143 л.с.),143,0,False,1959000
haval,jolion,внедорожник,передний,бензин,1.5 MT (143 л.с.),143,27655,False,2130000
haval,jolion,внедорожник,передний,бензин,1.5 MT (143 л.с.),143,0,False,1969000
haval,jolion,внедорожник,передний,бензин,1.5 AMT (143 л.с.),143,0,False,1959000
haval,jolion,внедорожник,передний,бензин,1.5 MT (143 л.с.),143,0,False,1969000
haval,jolion,внедорожник,передний,бензин,1.5 AMT (143 л.с.),143,0,False,2109000
haval,jolion,внедорожник,передний,бензин,1.5 AMT (143 л.с.),143,0,False,2109000
haval,jolion,внедорожник,полный,бензин,1.5 AMT (150 л.с.),150,0,False,2129000
haval,jolion,внедорожник,передний,бензин,1.5 MT (143 л.с.),143,0,False,1969000
haval,jolion,внедорожник,передний,бензин,1.5 MT (143 л.с.),143,0,False,1969000
haval,jolion,внедорожник,передний,бензин,1.5 MT (143 л.с.),143,0,False,1959000
haval,jolion,внедорожник,передний,бензин,1.5 MT (143 л.с.),143,0,False,1969000
haval,jolion,внедорожник,передний,бензин,1.5 AMT (143 л.с.),143,0,False,2289000
haval,jolion,внедорожник,передний,бензин,1.5 AMT (143 л.с.),143,0,False,2109000
haval,jolion,внедорожник,полный,бензин,1.5 AMT (150 л.с.),150,0,False,2129000
haval,jolion,внедорожник,передний,бензин,1.5 AMT (143 л.с.),143,0,False,2109000
haval,jolion,внедорожник,полный,бензин,1.5 AMT (150 л.с.),150,0,False,2039000
haval,jolion,внедорожник,полный,бензин,1.5 AMT (150 л.с.),150,25193,False,2349000
haval,jolion,внедорожник,передний,бензин,1.5 AMT (143 л.с.),143,0,False,2109000
haval,jolion,внедорожник,передний,бензин,1.5 MT (143 л.с.),143,0,False,1969000
haval,jolion,внедорожник,передний,бензин,1.5 AMT (143 л.с.),143,0,False,2109000
haval,jolion,внедорожник,полный,бензин,1.5 AMT (150 л.с.),150,0,False,2129000
haval,jolion,внедорожник,передний,бензин,1.5 MT (143 л.с.),143,0,False,1969000
haval,jolion,внедорожник,передний,бензин,1.5 AMT (143 л.с.),143,0,False,2109000
haval,jolion,внедорожник,передний,бензин,1.5 AMT (143 л.с.),143,0,False,2109000
haval,jolion,внедорожник,передний,бензин,1.5 AMT (143 л.с.),143,0,False,2109000
haval,jolion,внедорожник,передний,бензин,1.5 MT (143 л.с.),143,0,False,1969000
haval,jolion,внедорожник,передний,бензин,1.5 MT (143 л.с.),143,0,False,1969000
haval,jolion,внедорожник,передний,бензин,1.5 AMT (143 л.с.),143,0,False,2109000
haval,jolion,внедорожник,полный,бензин,1.5 AMT (150 л.с.),150,0,False,2129000
haval,jolion,внедорожник,передний,бензин,1.5 AMT (143 л.с.),143,0,False,2289000
haval,jolion,внедорожник,передний,бензин,1.5 MT (143 л.с.),143,0,False,1969000
haval,jolion,внедорожник,передний,бензин,1.5 AMT (143 л.с.),143,12500,False,2313000
haval,jolion,внедорожник,передний,бензин,1.5 AMT (143 л.с.),143,1036,False,2339000
haval,jolion,внедорожник,передний,бензин,1.5 AMT (143 л.с.),143,38177,False,2158000
haval,jolion,внедорожник,полный,бензин,1.5 AMT (150 л.с.),150,649,False,2550000
haval,jolion,внедорожник,полный,бензин,1.5 AMT (150 л.с.),150,4302,False,2250000
haval,jolion,внедорожник,передний,бензин,1.5 AMT (143 л.с.),143,0,False,1959000
haval,jolion,внедорожник,передний,бензин,1.5 MT (143 л.с.),143,0,False,1969000
haval,jolion,внедорожник,передний,бензин,1.5 AMT (143 л.с.),143,0,False,1759000
haval,jolion,внедорожник,передний,бензин,1.5 AMT (143 л.с.),143,0,False,2289000
haval,jolion,внедорожник,передний,бензин,1.5 AMT (143 л.с.),143,0,False,2469000
haval,jolion,внедорожник,передний,бензин,1.5 AMT (143 л.с.),143,0,False,2469000
haval,jolion,внедорожник,передний,бензин,1.5 AMT (143 л.с.),143,0,False,2469000
haval,jolion,внедорожник,полный,бензин,1.5 AMT (150 л.с.),150,0,False,2619000
haval,jolion,внедорожник,полный,бензин,1.5 AMT (150 л.с.),150,0,False,2129000
haval,jolion,внедорожник,полный,бензин,1.5 AMT (150 л.с.),150,0,False,2439000
haval,jolion,внедорожник,полный,бензин,1.5 AMT (150 л.с.),150,0,False,2619000
haval,jolion,внедорожник,полный,бензин,1.5 AMT (150 л.с.),150,0,False,2439000
haval,jolion,внедорожник,передний,бензин,1.5 MT (143 л.с.),143,0,False,1949000
haval,jolion,внедорожник,полный,бензин,1.5 AMT (150 л.с.),150,0,False,2439000
haval,jolion,внедорожник,полный,бензин,1.5 AMT (150 л.с.),150,0,False,2039000
haval,jolion,внедорожник,передний,бензин,1.5 AMT (143 л.с.),143,0,False,1759000
haval,jolion,внедорожник,передний,бензин,1.5 AMT (143 л.с.),143,0,False,1759000
haval,jolion,внедорожник,передний,бензин,1.5 MT (143 л.с.),143,0,False,1969000
haval,jolion,внедорожник,передний,бензин,1.5 AMT (143 л.с.),143,0,False,2109000
haval,jolion,внедорожник,передний,бензин,1.5 AMT (143 л.с.),143,0,False,1959000
haval,jolion,внедорожник,передний,бензин,1.5 MT (143 л.с.),143,0,False,1959000
haval,jolion,внедорожник,полный,бензин,1.5 AMT (150 л.с.),150,0,False,2129000
haval,jolion,внедорожник,передний,бензин,1.5 MT (143 л.с.),143,0,False,1969000
haval,jolion,внедорожник,передний,бензин,1.5 MT (143 л.с.),143,0,False,1959000
haval,jolion,внедорожник,полный,бензин,1.5 AMT (150 л.с.),150,0,False,2129000
haval,jolion,внедорожник,передний,бензин,1.5 MT (143 л.с.),143,0,False,1969000
haval,jolion,внедорожник,полный,бензин,1.5 AMT (150 л.с.),150,0,False,2039000
haval,jolion,внедорожник,передний,бензин,1.5 MT (143 л.с.),143,0,False,1969000
haval,jolion,внедорожник,передний,бензин,1.5 AMT (143 л.с.),143,0,False,2109000
haval,jolion,внедорожник,передний,бензин,1.5 MT (143 л.с.),143,0,False,1959000
haval,jolion,внедорожник,полный,бензин,1.5 AMT (150 л.с.),150,0,False,2039000
haval,jolion,внедорожник,передний,бензин,1.5 AMT (143 л.с.),143,0,False,2109000
haval,jolion,внедорожник,полный,бензин,1.5 AMT (150 л.с.),150,0,False,2129000
haval,jolion,внедорожник,передний,бензин,1.5 AMT (143 л.с.),143,0,False,2109000
haval,jolion,внедорожник,передний,бензин,1.5 AMT (143 л.с.),143,0,False,1959000
haval,jolion,внедорожник,передний,бензин,1.5 AMT (143 л.с.),143,0,False,1959000
haval,jolion,внедорожник,полный,бензин,1.5 AMT (150 л.с.),150,0,False,2129000
haval,jolion,внедорожник,передний,бензин,1.5 AMT (143 л.с.),143,0,False,1959000
haval,jolion,внедорожник,полный,бензин,1.5 AMT (150 л.с.),150,0,False,2129000
haval,jolion,внедорожник,передний,бензин,1.5 AMT (143 л.с.),143,0,False,1959000
haval,jolion,внедорожник,передний,бензин,1.5 AMT (143 л.с.),143,0,False,1959000
haval,jolion,внедорожник,передний,бензин,1.5 AMT (143 л.с.),143,0,False,1959000
haval,jolion,внедорожник,передний,бензин,1.5 AMT (143 л.с.),143,0,False,2359000
haval,jolion,внедорожник,передний,бензин,1.5 AMT (143 л.с.),143,0,False,2359000
haval,jolion,внедорожник,передний,бензин,1.5 AMT (143 л.с.),143,0,False,2109000
haval,jolion,внедорожник,передний,бензин,1.5 AMT (143 л.с.),143,0,False,1959000
haval,jolion,внедорожник,передний,бензин,1.5 AMT (143 л.с.),143,0,False,1959000
haval,jolion,внедорожник,передний,бензин,1.5 AMT (143 л.с.),143,0,False,2359000
haval,jolion,внедорожник,передний,бензин,1.5 AMT (143 л.с.),143,0,False,1959000
haval,jolion,внедорожник,полный,бензин,1.5 AMT (150 л.с.),150,0,False,2129000
haval,jolion,внедорожник,передний,бензин,1.5 AMT (143 л.с.),143,0,False,1959000
haval,m6,внедорожник,передний,бензин,1.5 MT (143 л.с.),143,0,False,2169000
haval,m6,внедорожник,передний,бензин,1.5 AMT (143 л.с.),143,0,False,2039000
haval,m6,внедорожник,передний,бензин,1.5 MT (143 л.с.),143,0,False,2169000
haval,m6,внедорожник,передний,бензин,1.5 AMT (143 л.с.),143,0,False,2299000
haval,m6,внедорожник,передний,бензин,1.5 MT (143 л.с.),143,0,False,2169000
haval,m6,внедорожник,передний,бензин,1.5 AMT (143 л.с.),143,0,False,2299000
haval,m6,внедорожник,передний,бензин,1.5 AMT (143 л.с.),143,0,False,2039000
haval,m6,внедорожник,передний,бензин,1.5 MT (143 л.с.),143,0,False,2169000
haval,m6,внедорожник,передний,бензин,1.5 MT (143 л.с.),143,0,False,2169000
honda,accord,седан,передний,бензин,2.4 AT (201 л.с.),201,262000,False,1050000
honda,accord,седан,передний,бензин,2.4 AT (200 л.с.),200,170000,False,1750000
honda,accord,седан,передний,бензин,2.4 AT (190 л.с.),190,296092,False,880000
honda,accord,седан,передний,бензин,2.0 MT (102 л.с.),102,175000,False,160000
honda,accord,купе,передний,бензин,3.0 AT (240 л.с.),240,200000,False,520000
honda,accord,седан,передний,бензин,1.5 CVT (192 л.с.),192,21000,False,3450000
honda,accord,седан,передний,бензин,2.0 AT (147 л.с.),147,360000,False,385000
honda,accord,седан,передний,бензин,1.5 CVT (192 л.с.),192,37583,False,2799000
honda,accord,седан,передний,бензин,2.4 AT (201 л.с.),201,352000,False,999999
honda,civic,седан,передний,бензин,1.5 CVT (180 л.с.),180,91778,False,2750000
honda,civic,седан,передний,бензин,1.8 AT (140 л.с.),140,167000,False,530000
honda,civic,седан,передний,бензин,1.5 AT (115 л.с.),115,400000,False,300000
honda,civic,седан,передний,бензин,1.5 MT (115 л.с.),115,417796,False,219000
honda,civic,седан,передний,бензин,1.8 AT (140 л.с.),140,165400,False,785000
honda,civic,хетчбэк,передний,бензин,1.6 AT (155 л.с.),155,310000,False,300000
honda,civic,седан,передний,бензин,1.8 MT (140 л.с.),140,208000,False,830000
honda,civic,универсал,передний,бензин,1.4 MT (90 л.с.),90,99999,False,120000
honda,cr,внедорожник,полный,бензин,2.0 CVT (150 л.с.),150,27827,False,2629000
honda,cr,внедорожник,полный,бензин,2.0 MT (150 л.с.),150,280941,False,1079000
honda,cr,внедорожник,полный,бензин,2.0 AT (150 л.с.),150,148000,False,1720000
honda,cr,внедорожник,полный,бензин,2.0 MT (128 л.с.),128,376695,False,460000
honda,cr,внедорожник,полный,бензин,2.4 AT (166 л.с.),166,192100,False,1370000
honda,cr,внедорожник,полный,бензин,2.0 MT (150 л.с.),150,187007,False,1879000
honda,cr,внедорожник,полный,бензин,2.0 AT (150 л.с.),150,198000,False,1690000
honda,cr,внедорожник,полный,бензин,2.0 AT (150 л.с.),150,182000,False,1260000
honda,cr,внедорожник,полный,бензин,2.0 MT (128 л.с.),128,229500,False,479000
honda,cr,внедорожник,полный,бензин,2.0 AT (150 л.с.),150,198000,False,1900000
honda,element,внедорожник,полный,бензин,2.4 AT (162 л.с.),162,477000,False,700000
honda,element,внедорожник,полный,бензин,2.4 AT (166 л.с.),166,179345,False,1500000
honda,fit,хетчбэк,передний,гибрид,1.5 CVT (109 л.с.),109,12000,False,1595595
honda,fit,хетчбэк,передний,бензин,1.3 CVT (100 л.с.),100,209958,False,600000
honda,fit,хетчбэк,передний,бензин,1.3 MT (100 л.с.),100,50000,False,1300000
honda,freed,минивэн,передний,бензин,1.5 CVT (118 л.с.),118,85000,False,1455000
honda,freed,минивэн,передний,бензин,1.5 CVT (118 л.с.),118,150000,False,1150000
honda,freed,минивэн,передний,бензин,1.5 CVT (118 л.с.),118,119000,False,1100000
honda,freed_plus,минивэн,передний,бензин,1.5 AMT (110 л.с.),110,68403,False,1650000

